group,total_sample,sample_2018_no,sample_2017_no,two_sided_p_value,two_sided_t_statistic,two_sided_CI,Act_per_2018_Mean,Act_per_2017_Mean,two_sided_des,greater_p_value,greater_t_statistic,greater_CI,premium_2018_Mean,premium_2017_Mean,greater_des,y_2017,y_2018,y_score,not_equal_sig,greater_sig
19-27_M,1874,1044,830,0.0,15.95,"(1.903015554218996, 2.4367823792707064)",6.88,4.71,Two-Sample Welch's t-test,0.0,10.08,"(inf, 2851.7924641249415)",6553.77,4166.33,Two-Sample Welch's t-test,9.365077353279494,10.853342735358236,1.488265382078742,True,True
1-18_M,1470,834,636,0.0,10.75,"(1.1879744589410122, 1.7184912318024155)",6.55,5.1,Two-Sample Welch's t-test,0.0,6.0,"(inf, 1742.9760735165032)",5770.43,4456.67,Two-Sample Welch's t-test,5.501775761941337,8.128536591310425,2.6267608293690876,True,True
53+_M,1061,492,569,0.0,14.74,"(3.0267126464336593, 3.9572923628241687)",10.63,7.14,Two-Sample Welch's t-test,0.0,8.95,"(inf, 10072.146796461504)",18757.38,10497.53,Two-Sample Welch's t-test,7.955134273996556,6.98921696934314,-0.9659173046534159,True,True
53+_F,1060,520,540,0.0,15.04,"(3.1527840258339355, 4.0999652961449895)",11.12,7.49,Two-Sample Welch's t-test,0.0,10.99,"(inf, 13005.310458974884)",20186.98,9152.95,Two-Sample Welch's t-test,5.388637087781873,6.431292915931371,1.0426558281494982,True,True
1-18_F,1046,653,393,0.0,7.39,"(0.9290755135034903, 1.6006326111846658)",6.62,5.35,Two-Sample Welch's t-test,0.0,6.69,"(inf, 2149.123838940219)",5982.77,4321.34,Two-Sample Welch's t-test,3.557474202428417,7.297165690629313,3.7396914882008963,True,True
19-27_F,1032,687,345,0.0,6.73,"(0.8912445056517151, 1.6248098186464772)",6.77,5.51,Two-Sample Welch's t-test,0.0,4.69,"(inf, 2614.9857661351475)",7208.19,5364.3,Two-Sample Welch's t-test,5.757220977617174,9.394125578412694,3.63690460079552,True,True
46-52_M,913,493,420,0.0,12.34,"(2.5382441479494413, 3.499263951439185)",10.4,7.38,Two-Sample Welch's t-test,0.0,9.19,"(inf, 9270.842084385506)",14901.43,7263.15,Two-Sample Welch's t-test,4.282499875091853,6.534070904619707,2.2515710295278546,True,True
39-45_M,806,461,345,0.0,11.75,"(2.3028240597143657, 3.2273927025152003)",10.46,7.69,Two-Sample Welch's t-test,0.0,9.88,"(inf, 7693.444294553905)",13489.43,7071.97,Two-Sample Welch's t-test,3.223082579206367,5.457356701086695,2.234274121880328,True,True
46-52_F,780,430,350,0.0,11.53,"(2.4614679241605577, 3.472797328265103)",10.79,7.82,Two-Sample Welch's t-test,0.0,11.68,"(inf, 10066.807919011102)",15464.75,6847.5,Two-Sample Welch's t-test,3.018287825054606,5.34077957850986,2.322491753455254,True,True
39-45_F,669,401,268,0.0,11.5,"(2.356358787778823, 3.3270884994945833)",10.63,7.79,Two-Sample Welch's t-test,0.0,9.58,"(inf, 7584.398176038552)",13225.16,6930.72,Two-Sample Welch's t-test,2.1980485487186816,4.147453487156547,1.9494049384378649,True,True
28-38_M,665,497,168,0.0,8.3,"(1.5415226820314059, 2.49751671591757)",9.21,7.19,Two-Sample Welch's t-test,0.0,5.82,"(inf, 4146.361623038382)",10320.82,7221.07,Two-Sample Welch's t-test,2.0361600090715313,6.058831239774403,4.022671230702871,True,True
28-38_F,608,412,196,0.0,7.49,"(1.5134549425616401, 2.5891641504198994)",9.24,7.19,Two-Sample Welch's t-test,0.0,7.64,"(inf, 6323.7215148696305)",11728.72,6698.41,Two-Sample Welch's t-test,1.8246156260507542,4.782240505577102,2.957624879526348,True,True
1-18_01 Single,2340,1384,956,0.0,12.32,"(1.1399046449024932, 1.5716534777698095)",6.66,5.3,Two-Sample Welch's t-test,0.0,8.05,"(inf, 1670.3043038769488)",5664.07,4321.1,Two-Sample Welch's t-test,4.940218260930088,7.958372920081523,3.0181546591514348,True,True
19-27_01 Single,2280,1377,903,0.0,15.57,"(1.6706924099412768, 2.152263665098015)",7.03,5.12,Two-Sample Welch's t-test,0.0,10.49,"(inf, 2674.4509869558924)",6387.93,4134.64,Two-Sample Welch's t-test,7.937434854015914,11.345564709088565,3.4081298550726515,True,True
53+_02 Maried,1375,632,743,0.0,17.67,"(3.3023449946597907, 4.127504799708097)",10.97,7.26,Two-Sample Welch's t-test,0.0,10.65,"(inf, 10586.229520787989)",18329.46,9390.51,Two-Sample Welch's t-test,8.067284007223236,7.415562858297475,-0.6517211489257602,True,True
46-52_02 Maried,1037,541,496,0.0,14.66,"(2.7753514266987955, 3.6339899929436723)",10.85,7.65,Two-Sample Welch's t-test,0.0,10.95,"(inf, 8705.819891145955)",14273.64,6891.24,Two-Sample Welch's t-test,4.306190438281374,6.288093699019924,1.9819032607385503,True,True
39-45_02 Maried,864,467,397,0.0,13.87,"(2.560438377562213, 3.404851587020489)",10.76,7.77,Two-Sample Welch's t-test,0.0,10.22,"(inf, 6995.376583807688)",12510.29,6642.78,Two-Sample Welch's t-test,3.392988182524967,5.087157725882005,1.694169543357038,True,True
28-38_01 Single,621,461,160,0.0,7.04,"(1.2574719092640319, 2.2314908150827684)",8.89,7.15,Two-Sample Welch's t-test,0.0,5.77,"(inf, 4778.194987357846)",10751.03,7187.49,Two-Sample Welch's t-test,1.6796301722511935,4.823193496911093,3.1435633246598997,True,True
19-27_00 NA,546,318,228,0.0,8.62,"(1.5242419455465934, 2.4245230187883053)",5.81,3.84,Two-Sample Welch's t-test,0.0,5.01,"(inf, 3939.181802552347)",8569.58,5740.07,Two-Sample Welch's t-test,6.737150812752936,7.7285029144336574,0.9913521016807216,True,True
53+_00 NA,438,211,227,0.0,8.84,"(2.6377684106759176, 4.1486025340514985)",10.89,7.5,Two-Sample Welch's t-test,0.0,7.17,"(inf, 16343.406308720332)",23466.2,10644.1,Two-Sample Welch's t-test,4.636205224357288,5.468556953603509,0.832351729246221,True,True
28-38_02 Maried,421,284,137,0.0,6.7,"(1.5827112528569962, 2.897074826981517)",9.62,7.38,Two-Sample Welch's t-test,0.0,5.29,"(inf, 5334.94617976384)",10782.67,6893.56,Two-Sample Welch's t-test,2.3347112663171736,6.215029162735945,3.8803178964187715,True,True
46-52_00 NA,388,215,173,0.0,6.91,"(2.021814311792097, 3.6346230217062274)",10.27,7.45,Two-Sample Welch's t-test,0.0,7.45,"(inf, 9927.301093648559)",15428.11,7575.28,Two-Sample Welch's t-test,2.858502861789919,4.569973984826919,1.7114711230369999,True,True
39-45_00 NA,302,192,110,0.0,6.74,"(1.9569878474106492, 3.5720290319479675)",10.42,7.65,Two-Sample Welch's t-test,0.0,5.74,"(inf, 8441.506000915715)",14278.22,7991.86,Two-Sample Welch's t-test,2.0982498533309974,4.377003349214222,2.2787534958832247,True,True
39-45_01 Single,284,188,96,0.0,6.77,"(1.820811975065604, 3.315115542716077)",10.24,7.67,Two-Sample Welch's t-test,0.0,6.77,"(inf, 9648.324524435982)",14632.26,7158.59,Two-Sample Welch's t-test,1.7830136301918815,4.487699771169916,2.704686140978034,True,True
46-52_01 Single,228,148,80,0.0,4.77,"(1.2928684954152536, 3.115041578477483)",9.75,7.54,Two-Sample Welch's t-test,0.0,5.86,"(inf, 15098.891010103565)",18633.49,7339.73,Two-Sample Welch's t-test,2.6246054898505493,7.520702092949287,4.896096603098737,True,True
53+_01 Single,220,121,99,0.0,5.61,"(1.8757067625536465, 3.914421718598408)",10.22,7.32,Two-Sample Welch's t-test,0.0,4.25,"(inf, 10955.904939289823)",19039.63,11556.75,Two-Sample Welch's t-test,5.5897004561780435,6.44851919139794,0.8588187352198968,True,True
28-38_00 NA,219,156,63,0.0,5.78,"(1.6807527529249797, 3.4217511313711735)",9.38,6.83,Two-Sample Welch's t-test,0.0,5.54,"(inf, 7209.007749585432)",11799.74,6483.71,Two-Sample Welch's t-test,1.8753315898296474,5.636997464367831,3.761665874538184,True,True
1-18_00 NA,176,103,73,0.0,4.95,"(1.048197531390275, 2.4371024817514364)",5.55,3.81,Two-Sample Welch's t-test,0.0,4.22,"(inf, 4465.608817201344)",8545.78,5503.56,Two-Sample Welch's t-test,2.573452051872584,6.184140500266099,3.610688448393515,True,True
19-27_02 Maried,78,35,43,0.129,1.54,"(-0.33030293717571046, 2.5320914493903603)",8.2,7.1,Two-Sample Welch's t-test,0.139,1.1,"(inf, 3913.2665289546358)",7485.43,6102.35,Two-Sample Welch's t-test,10.540161114424983,9.1822121844896,-1.357948929935382,False,False
53+_03 Widow,52,33,19,0.0,4.33,"(2.085590394417417, 5.735954063392666)",11.24,7.33,Two-Sample Welch's t-test,0.013,2.3,"(inf, 13906.499912720017)",18666.88,11240.63,Two-Sample Welch's t-test,4.401754832156974,7.85035307071482,3.4485982385578464,True,True
53+_04 Divorce,36,15,21,0.006,3.15,"(1.4350694258099028, 7.252765053328908)",11.37,7.02,Two-Sample Welch's t-test,0.009,2.63,"(inf, 18444.051990046217)",18031.27,7839.76,Two-Sample Welch's t-test,5.708829744516562,5.484184273490409,-0.2246454710261532,True,True
46-52_04 Divorce,21,9,12,0.003,3.99,"(2.5429456207642662, 9.038304668257249)",13.08,7.29,Two-Sample Welch's t-test,0.003,3.33,"(inf, 8322.176131254702)",10823.22,5817.58,Two-Sample Welch's t-test,3.3587509339753407,3.0371483126364875,-0.3216026213388533,True,True
46-52_03 Widow,19,10,9,0.003,3.79,"(2.250213183636572, 8.401720277854437)",12.75,7.42,Two-Sample Welch's t-test,0.014,2.43,"(inf, 6315.1672915510235)",10200.0,6842.67,Two-Sample Welch's t-test,6.3921812446609865,6.073861731515065,-0.31831951314592183,True,True
39-45_04 Divorce,17,10,7,0.281,1.13,"(-1.4868873388764041, 4.6486593623147705)",8.91,7.33,Two-Sample Welch's t-test,0.009,2.87,"(inf, 17440.33753919441)",14247.8,4500.0,Two-Sample Welch's t-test,2.2695047724443214,6.305279285132024,4.035774512687704,False,True
28-38_04 Divorce,11,8,3,0.047,2.3,"(0.057158165362259705, 6.878530617901067)",11.52,8.05,Two-Sample Welch's t-test,0.026,2.24,"(inf, 13264.155214699571)",12802.5,6213.0,Two-Sample Welch's t-test,2.757403522683228,13.01409288265588,10.256689359972654,True,True
39-45_03 Widow,8,5,3,0.702,0.41,"(-3.827257380297402, 5.234389239612545)",9.53,8.82,Two-Sample Welch's t-test,0.806,-1.07,"(inf, 32072.05504029779)",8970.4,20750.0,Two-Sample Welch's t-test,9.577203025934605,5.720911070266492,-3.856291955668112,False,False
19-27_04 Divorce,2,1,1,,inf,"(nan, nan)",12.58,4.88,Two-Sample Welch's t-test,,inf,"(inf, nan)",10875.0,4020.0,Two-Sample Welch's t-test,4.0575321725965185,11.053514255221833,6.995982082625315,,
28-38_03 Widow,1,0,1,,,,,,,,,,,,,,,,,
"19-27_1-60,000",1281,737,544,0.0,13.99,"(1.7895210602770573, 2.3731618920121345)",7.46,5.38,Two-Sample Welch's t-test,0.0,14.97,"(inf, 1235.5752587746424)",3759.08,2666.63,Two-Sample Welch's t-test,18.52253774805619,17.022286867965946,-1.500250880090248,True,True
"1-18_1-60,000",1119,678,441,0.0,5.79,"(0.5934796765271172, 1.20222540199107)",7.36,6.46,Two-Sample Welch's t-test,0.0,6.54,"(inf, 622.4131441797301)",3521.62,3042.82,Two-Sample Welch's t-test,13.40727951777616,16.038809047114764,2.6315295293386027,True,True
"19-27_60,001-88,000",594,361,233,0.0,8.19,"(1.531187920196129, 2.4967290302455245)",7.02,5.01,Two-Sample Welch's t-test,0.0,8.01,"(inf, 1715.4114171967194)",4907.53,3529.89,Two-Sample Welch's t-test,13.125471280326515,15.371040370649938,2.245569090323424,True,True
"1-18_60,001-88,000",578,296,282,0.0,9.42,"(1.5803724681837577, 2.413790553355246)",6.7,4.7,Two-Sample Welch's t-test,0.0,8.61,"(inf, 1606.5418328266696)",4654.81,3346.86,Two-Sample Welch's t-test,14.718706870336149,12.571734366937795,-2.146972503398353,True,True
"53+_60,001-88,000",560,190,370,0.0,49.25,"(8.396471097655505, 9.095921361322853)",15.83,7.09,Two-Sample Welch's t-test,0.0,66.53,"(inf, 6653.2005347661825)",11541.69,5079.73,Two-Sample Welch's t-test,18.63197026022305,8.184192302890825,-10.447777957332224,True,True
"39-45_60,001-88,000",508,249,259,0.0,15.67,"(3.1983883257851793, 4.116774577904962)",11.37,7.72,Two-Sample Welch's t-test,0.0,15.46,"(inf, 3084.999703811608)",8320.24,5583.45,Two-Sample Welch's t-test,12.132606485851946,10.446385166940944,-1.686221318911002,True,True
"46-52_88,001-130,0000",496,274,222,0.0,7.68,"(1.3157676039102877, 2.220539562010455)",9.69,7.92,Two-Sample Welch's t-test,0.0,8.01,"(inf, 2439.51675606156)",10223.12,8264.1,Two-Sample Welch's t-test,10.467403967356354,9.904894643876213,-0.5625093234801413,True,True
"46-52_60,001-88,000",489,211,278,0.0,23.79,"(5.6587027460696975, 6.679855141669232)",13.31,7.15,Two-Sample Welch's t-test,0.0,28.72,"(inf, 5023.4424679426465)",9882.08,5180.92,Two-Sample Welch's t-test,14.081573433218958,9.852885605115574,-4.228687828103384,True,True
"53+_88,001-130,0000",414,192,222,0.0,11.8,"(2.521811932940363, 3.5316822908763306)",10.74,7.72,Two-Sample Welch's t-test,0.0,11.69,"(inf, 3702.1864829163947)",11346.23,8177.19,Two-Sample Welch's t-test,12.398339682176513,7.997419506325114,-4.4009201758513985,True,True
"53+_130,000-190,000",365,196,169,0.0,3.57,"(0.5211666761981474, 1.8003300547911998)",8.66,7.5,Two-Sample Welch's t-test,0.0,3.73,"(inf, 3000.6083272957903)",13671.61,11706.69,Two-Sample Welch's t-test,11.617555410801632,8.28635394130572,-3.331201469495912,True,True
"28-38_1-60,000",352,226,126,0.0,5.69,"(1.183335720989325, 2.43658535589997)",10.25,8.44,Two-Sample Welch's t-test,0.0,5.47,"(inf, 1294.9227450543237)",4982.36,4030.11,Two-Sample Welch's t-test,7.44422882932621,9.674890765740898,2.230661936414688,True,True
"19-27_88,001-130,0000",332,182,150,0.0,5.58,"(1.2422536859496036, 2.5935734638687533)",6.69,4.77,Two-Sample Welch's t-test,0.0,5.01,"(inf, 2727.2869700105466)",7223.08,5265.3,Two-Sample Welch's t-test,9.017854849068723,9.205385339489023,0.18753049042030123,True,True
"53+_300,001+",324,223,101,0.0,4.31,"(0.8923350112036522, 2.3939679008080788)",8.64,7.0,Two-Sample Welch's t-test,0.0,4.56,"(inf, 17101.43831624966)",39289.63,27340.74,Two-Sample Welch's t-test,2.9307847269862135,5.765373065088056,2.834588338101843,True,True
"39-45_88,001-130,0000",319,189,130,0.0,6.78,"(1.3544914676536524, 2.462662107855566)",9.17,7.26,Two-Sample Welch's t-test,0.0,7.0,"(inf, 2785.698637590426)",9677.97,7503.69,Two-Sample Welch's t-test,6.505195794069621,7.77914447217716,1.2739486781075393,True,True
"19-27_130,000-190,000",317,214,103,0.0,5.71,"(1.2905537910670377, 2.648140601382466)",6.2,4.23,Two-Sample Welch's t-test,0.0,5.67,"(inf, 4089.4965009550488)",9545.85,6510.29,Two-Sample Welch's t-test,5.778667121679826,9.473150870894049,3.694483749214224,True,True
"28-38_60,001-88,000",306,219,87,0.0,13.62,"(3.2226714324900714, 4.3116421449817635)",10.35,6.59,Two-Sample Welch's t-test,0.0,13.75,"(inf, 3109.0976837578783)",7447.94,4728.28,Two-Sample Welch's t-test,4.543482506001868,10.54852833679465,6.005045830792781,True,True
"53+_190,001-300,0000",298,168,130,0.0,5.73,"(1.5583479147445125, 3.190118704186732)",8.52,6.14,Two-Sample Welch's t-test,0.0,5.25,"(inf, 7482.550628912717)",20476.12,15034.65,Two-Sample Welch's t-test,6.959164369322258,7.017291232062401,0.058126862740143226,True,True
"1-18_88,001-130,0000",273,178,95,0.0,7.28,"(1.610374973230448, 2.805815060577167)",6.32,4.11,Two-Sample Welch's t-test,0.0,7.18,"(inf, 3184.708225828695)",6950.06,4451.37,Two-Sample Welch's t-test,3.31300311416652,8.135528349663772,4.822525235497253,True,True
"1-18_130,000-190,000",268,174,94,0.0,5.48,"(0.9917003308092971, 2.104854626707854)",5.67,4.12,Two-Sample Welch's t-test,0.0,4.82,"(inf, 3194.6743157128576)",8997.93,6730.85,Two-Sample Welch's t-test,3.668464080709689,8.119082363849643,4.450618283139953,True,True
"39-45_1-60,000",255,115,140,0.0,11.31,"(4.660667551573327, 6.639689244922258)",14.45,8.8,Two-Sample Welch's t-test,0.0,11.86,"(inf, 3437.1140181169853)",7392.34,4447.14,Two-Sample Welch's t-test,13.33608365961328,9.404031574538863,-3.9320520850744165,True,True
"19-27_190,001-300,0000",239,135,104,0.0,3.81,"(0.7477701662821458, 2.34672746860621)",5.81,4.27,Two-Sample Welch's t-test,0.0,3.66,"(inf, 5351.2495163240455)",13421.47,9942.98,Two-Sample Welch's t-test,7.485752334506215,7.272377425847678,-0.2133749086585382,True,True
"46-52_130,000-190,000",227,144,83,0.0,5.54,"(1.4502738917254332, 3.05050302410027)",8.58,6.33,Two-Sample Welch's t-test,0.0,6.62,"(inf, 5457.266380772551)",13657.49,9451.95,Two-Sample Welch's t-test,4.0562979693847,6.025260544806434,1.9689625754217337,True,True
"46-52_1-60,000",214,58,156,0.0,18.86,"(9.56061364437058, 11.830955434484643)",19.4,8.7,Two-Sample Welch's t-test,0.0,21.47,"(inf, 6323.265102737672)",10283.83,4500.0,Two-Sample Welch's t-test,18.302731878274837,6.758256220286281,-11.544475657988558,True,True
"28-38_88,001-130,0000",197,135,62,0.0,4.7,"(1.0954185839124486, 2.682297671761824)",9.55,7.66,Two-Sample Welch's t-test,0.0,4.39,"(inf, 2877.452787965191)",10150.79,8165.32,Two-Sample Welch's t-test,3.569659732630547,6.409741953484413,2.8400822208538656,True,True
"1-18_190,001-300,0000",173,102,71,0.001,3.29,"(0.4129723697694295, 1.6508297898200106)",4.68,3.65,Two-Sample Welch's t-test,0.002,2.96,"(inf, 3618.7253006103065)",10618.09,8446.69,Two-Sample Welch's t-test,2.8819559326945328,4.807293466413928,1.9253375337193956,True,True
"39-45_130,000-190,000",171,125,46,0.0,6.57,"(2.3273673203513923, 4.328123193321765)",9.81,6.48,Two-Sample Welch's t-test,0.0,6.74,"(inf, 6964.036084171292)",15261.7,9876.54,Two-Sample Welch's t-test,1.8811691047721766,5.020756778590914,3.1395876738187374,True,True
"28-38_130,000-190,000",170,122,48,0.0,5.86,"(2.009510838261577, 4.053629994298217)",8.32,5.29,Two-Sample Welch's t-test,0.0,5.62,"(inf, 6338.045685515767)",13159.25,8468.75,Two-Sample Welch's t-test,2.323666044202359,5.996195130579868,3.6725290863775086,True,True
"46-52_190,001-300,0000",167,149,18,0.019,2.48,"(0.33922490656044846, 3.4708590287911507)",8.33,6.42,Two-Sample Welch's t-test,0.019,2.17,"(inf, 8302.428676553085)",19482.9,15208.33,Two-Sample Welch's t-test,0.9317684751223434,6.327326719979689,5.395558244857346,True,True
"28-38_190,001-300,0000",163,134,29,0.0,3.79,"(1.1078931753603198, 3.561167159325625)",8.01,5.68,Two-Sample Welch's t-test,0.0,3.84,"(inf, 8850.255685709368)",18640.78,12814.66,Two-Sample Welch's t-test,1.1773861264454246,5.484693829939017,4.307307703493592,True,True
"53+_1-60,000",160,43,117,0.0,23.7,"(11.012814977346501, 13.060689277320968)",20.57,8.53,Two-Sample Welch's t-test,0.0,30.36,"(inf, 6938.264450679104)",11005.81,4500.0,Two-Sample Welch's t-test,19.201312910284464,5.991183560369546,-13.210129349914917,True,True
"39-45_190,001-300,0000",149,124,25,0.003,3.07,"(0.7245128665596605, 3.4074326996471953)",8.7,6.63,Two-Sample Welch's t-test,0.001,3.33,"(inf, 8698.981387128539)",20186.67,14745.0,Two-Sample Welch's t-test,1.0213400996174058,4.522945045252904,3.5016049456354983,True,True
"19-27_300,001+",143,102,41,0.0,4.03,"(0.8526140036476066, 2.4958351795382425)",4.56,2.89,Two-Sample Welch's t-test,0.001,3.38,"(inf, 11456.237609302629)",20419.56,13200.0,Two-Sample Welch's t-test,2.602372111226307,7.65874917484759,5.056377063621283,True,True
"1-18_300,001+",105,59,46,0.01,2.62,"(0.21880878921217184, 1.585198729788876)",3.82,2.92,Two-Sample Welch's t-test,0.002,3.02,"(inf, 8682.929714686557)",18101.95,12863.8,Two-Sample Welch's t-test,1.8482650699500558,3.574582943568135,1.7263178736180793,True,True
"46-52_300,001+",100,87,13,0.47,0.73,"(-1.476204602418492, 3.1077664845720223)",8.06,7.24,Two-Sample Welch's t-test,0.076,1.47,"(inf, 24409.299068560096)",41883.91,31689.23,Two-Sample Welch's t-test,0.5857965912201155,3.638285615934626,3.052489024714511,False,False
"28-38_300,001+",85,73,12,0.103,-1.7,"(-3.312430027827989, 0.3259476642594228)",5.81,7.3,Two-Sample Welch's t-test,0.791,-0.83,"(inf, 4863.055641715602)",23711.25,26875.0,Two-Sample Welch's t-test,0.6152299809791875,2.6666919533804614,2.0514619724012735,False,False
"39-45_300,001+",73,60,13,0.234,1.21,"(-0.8314666212913835, 3.2739401126331487)",9.22,8.0,Two-Sample Welch's t-test,0.113,1.24,"(inf, 16551.096206079448)",39334.38,33086.54,Two-Sample Welch's t-test,0.629058386358513,2.4560238553473033,1.8269654689887904,False,False
19-27_E1,1528,772,756,0.0,6.9,"(0.58024367374869, 1.04163593015772)",4.7,3.89,Two-Sample Welch's t-test,0.0,10.36,"(inf, 2216.926989636739)",4860.25,2996.45,Two-Sample Welch's t-test,9.614395395917953,12.317029034569185,2.702633638651232,True,True
19-27_A1,1289,887,402,0.0,12.22,"(1.3505767018353587, 1.8672644551457378)",8.5,6.89,Two-Sample Welch's t-test,0.001,3.26,"(inf, 1736.3309296095495)",8042.84,6958.96,Two-Sample Welch's t-test,7.527749747729566,9.593932180824238,2.0661824330946725,True,True
1-18_E1,1271,681,590,0.0,9.48,"(0.9010272793673024, 1.3716130177993755)",5.19,4.05,Two-Sample Welch's t-test,0.0,6.44,"(inf, 1561.5365206592105)",4592.95,3395.92,Two-Sample Welch's t-test,9.135139164636035,10.968086717947854,1.8329475533118187,True,True
1-18_A1,1168,771,397,0.0,6.97,"(0.7015356493376126, 1.2510175571761606)",7.97,6.99,Two-Sample Welch's t-test,0.0,3.74,"(inf, 1539.4123240584106)",7073.93,6064.23,Two-Sample Welch's t-test,3.3081188037182843,6.623192101715909,3.3150732979976247,True,True
53+_A1,892,168,724,0.0,-16.17,"(-3.6898058436329357, -2.8882563118443665)",3.67,6.96,Two-Sample Welch's t-test,0.006,2.54,"(inf, 1914.2819415486058)",6696.43,5618.78,Two-Sample Welch's t-test,14.236220472440944,5.862122870095357,-8.374097602345588,True,True
46-52_A1,702,161,541,0.0,-18.06,"(-3.78109769252451, -3.0371734044279672)",3.87,7.28,Two-Sample Welch's t-test,0.043,1.73,"(inf, 1348.372862922884)",5841.61,5212.57,Two-Sample Welch's t-test,11.238641798182687,5.724981738495252,-5.513660059687435,True,True
53+_A2,573,418,155,0.0,21.41,"(5.249784341436296, 6.310076461323986)",13.59,7.81,Two-Sample Welch's t-test,0.476,0.06,"(inf, 1182.5764528560912)",12654.9,12619.35,Two-Sample Welch's t-test,4.854486397945033,4.843344950127899,-0.011141447817133998,True,False
28-38_E1,509,506,3,0.07,3.35,"(-0.459952037333204, 5.351614744452334)",10.21,7.77,Two-Sample Welch's t-test,0.004,7.0,"(inf, 11245.766530574812)",11604.69,3975.0,Two-Sample Welch's t-test,0.019367531928411754,8.003928102555944,7.984560570627533,False,True
39-45_E1,475,468,7,0.0,8.26,"(3.001358170309323, 5.4435205400191)",11.53,7.31,Two-Sample Welch's t-test,0.0,5.82,"(inf, 10481.2667010765)",15701.22,8134.29,Two-Sample Welch's t-test,0.0672549168641704,6.05223489952703,5.98497998266286,True,True
28-38_A1,469,200,269,0.241,-1.17,"(-0.9118971433382309, 0.23044856591753515)",6.7,7.04,Two-Sample Welch's t-test,0.0,4.45,"(inf, 3587.3663887079165)",8325.0,5838.29,Two-Sample Welch's t-test,7.274874930516955,4.784276539804319,-2.4905983907126354,False,True
53+_C1,462,232,230,0.0,9.41,"(1.7522959729759902, 2.679347237474001)",10.28,8.07,Two-Sample Welch's t-test,0.885,-1.2,"(inf, 639.8312407361404)",20258.88,21268.2,Two-Sample Welch's t-test,10.800449285047083,9.789746673180028,-1.0107026118670563,True,False
39-45_A1,436,121,315,0.0,-10.71,"(-3.2731025256737487, -2.254064365595947)",4.7,7.47,Two-Sample Welch's t-test,0.006,2.52,"(inf, 2674.814912609455)",6818.18,5319.05,Two-Sample Welch's t-test,10.26937574698906,5.214258627227911,-5.055117119761149,True,True
46-52_C1,387,225,162,0.126,1.54,"(-0.1225178191108326, 0.991245738925297)",8.75,8.31,Two-Sample Welch's t-test,0.093,1.33,"(inf, 2073.828825247934)",10036.8,9201.78,Two-Sample Welch's t-test,7.906339496915062,10.499225813314448,2.592886316399387,False,False
46-52_E1,333,330,3,0.01,7.76,"(1.6677165080286906, 4.845546921954969)",12.04,8.78,Two-Sample Welch's t-test,0.171,1.2,"(inf, 23861.674565258632)",24037.77,18370.0,Two-Sample Welch's t-test,0.08057183634925807,6.971017400421664,6.890445564072406,True,False
39-45_C1,298,91,207,0.0,-4.79,"(-2.5264858829199, -1.0472273983078217)",6.23,8.02,Two-Sample Welch's t-test,0.115,1.21,"(inf, 2020.3278040451717)",6828.29,6064.37,Two-Sample Welch's t-test,10.577369817019274,4.992087363095474,-5.5852824539238,True,False
46-52_A2,270,207,63,0.0,20.51,"(6.548934760209868, 7.9399956153648175)",15.48,8.23,Two-Sample Welch's t-test,0.94,-1.57,"(inf, 530.46881120842)",13840.58,15857.14,Two-Sample Welch's t-test,2.6443787099720075,3.362128526604382,0.7177498166323744,True,False
39-45_A2,266,182,84,0.0,14.34,"(5.131103566664667, 6.766114449037605)",14.03,8.08,Two-Sample Welch's t-test,0.665,-0.43,"(inf, 2191.8654379039585)",14985.58,15589.29,Two-Sample Welch's t-test,2.8186976841799383,2.960150103582868,0.14145241940293,True,False
53+_E1,194,194,0,,,,,,,,,,,,,,,,,
28-38_A2,189,133,56,0.0,9.47,"(3.832461750412624, 5.850936520749991)",12.46,7.62,Two-Sample Welch's t-test,0.516,-0.04,"(inf, 2675.2893222322673)",14898.5,14953.12,Two-Sample Welch's t-test,2.0665975641357868,2.8692129755324114,0.8026154113966251,True,False
28-38_C1,106,70,36,0.0,-13.64,"(-5.077904622508671, -3.7875223598309073)",3.16,7.6,Two-Sample Welch's t-test,0.0,4.09,"(inf, 5027.391058984491)",6331.54,2950.81,Two-Sample Welch's t-test,1.9440888473254572,5.226395414722674,3.282306567397217,True,True
1-18_C1,65,34,31,0.0,-4.91,"(-3.1184388255712143, -1.3154939805082722)",2.76,4.98,Two-Sample Welch's t-test,0.004,2.84,"(inf, 4467.606782610504)",3768.09,1165.65,Two-Sample Welch's t-test,4.925373134328359,7.386827847098458,2.4614547127700996,True,True
19-27_A2,50,44,6,0.0,4.81,"(3.0670647287173236, 7.534333150751909)",13.32,8.02,Two-Sample Welch's t-test,0.038,1.82,"(inf, 7235.980808726289)",14062.5,10625.0,Two-Sample Welch's t-test,1.8324889511695592,7.735221039801228,5.9027320886316685,True,True
19-27_C1,31,28,3,0.179,-1.96,"(-11.509004651938687, 3.9377735363237716)",2.55,6.34,Two-Sample Welch's t-test,0.0,4.54,"(inf, 10982.122527766836)",10332.11,2774.0,Two-Sample Welch's t-test,0.6576670128071997,9.858944697365475,9.201277684558276,False,True
1-18_H1,11,0,11,,,,,,,,,,,,,,,,,
19-27_H1,6,0,6,,,,,,,,,,,,,,,,,
19-27_H2,2,0,2,,,,,,,,,,,,,,,,,
46-52_H2,1,0,1,,,,,,,,,,,,,,,,,
1-18_A2,1,1,0,,,,,,,,,,,,,,,,,
19-27_Good,792,405,387,0.0,138.19,"(5.043365795642601, 5.18871590144034)",9.21,4.1,Two-Sample Welch's t-test,0.0,11.96,"(inf, 5609.4713406409855)",7737.74,2919.84,Two-Sample Welch's t-test,6.70468348824393,12.353030634148926,5.648347145904996,True,True
19-27_Very Good,762,395,367,0.0,98.1,"(4.671138557418676, 4.86191914238907)",7.29,2.53,Two-Sample Welch's t-test,0.0,11.14,"(inf, 3924.093935872362)",6708.0,3372.14,Two-Sample Welch's t-test,9.272531391516946,10.506432605651671,1.233901214134725,True,True
19-27_Excellent,741,741,0,,,,,,,,,,,,,,,,,
1-18_Good,722,276,446,0.0,111.26,"(4.766828529997366, 4.938107983933349)",9.22,4.37,Two-Sample Welch's t-test,0.0,8.73,"(inf, 3271.390072308949)",6175.05,3504.69,Two-Sample Welch's t-test,5.2814169195299305,8.493123037823292,3.211706118293361,True,True
1-18_Excellent,670,670,0,,,,,,,,,,,,,,,,,
1-18_Very Good,653,431,222,0.0,91.72,"(4.608014909242657, 4.8096583171164085)",7.26,2.55,Two-Sample Welch's t-test,0.0,7.27,"(inf, 2667.248943729938)",6621.96,4522.23,Two-Sample Welch's t-test,5.626815417015213,6.956312234300029,1.3294968172848156,True,True
53+_Normal,564,170,394,0.0,91.8,"(4.899945758518802, 5.114561357407201)",11.58,6.57,Two-Sample Welch's t-test,0.0,10.83,"(inf, 17344.91219616959)",22810.66,8138.27,Two-Sample Welch's t-test,8.236122592694652,6.36871417179172,-1.8674084209029316,True,True
53+_Very Risk,503,274,229,0.0,45.46,"(6.86754754880868, 7.489188536160125)",16.71,9.53,Two-Sample Welch's t-test,0.0,4.98,"(inf, 12364.785130071954)",21388.86,12524.05,Two-Sample Welch's t-test,5.116182549371843,7.2099607915755985,2.0937782422037547,True,True
53+_Risk,460,143,317,0.0,119.96,"(4.91078970338009, 5.074643742688053)",13.34,8.34,Two-Sample Welch's t-test,0.0,6.78,"(inf, 18956.890530749446)",26418.43,11739.01,Two-Sample Welch's t-test,7.404862207809501,5.92731830163774,-1.4775439061717606,True,True
46-52_Normal,429,167,262,0.0,85.31,"(4.886220226529466, 5.116855936642355)",11.63,6.63,Two-Sample Welch's t-test,0.0,12.72,"(inf, 13348.421675571448)",17625.92,6070.21,Two-Sample Welch's t-test,5.101452144594162,6.392898663944037,1.2914465193498752,True,True
46-52_Very Risk,384,202,182,0.0,34.77,"(7.003313818131679, 7.845237316830311)",16.97,9.55,Two-Sample Welch's t-test,0.0,7.46,"(inf, 11874.139126325583)",18400.18,9003.64,Two-Sample Welch's t-test,2.909607873350304,5.108217250064082,2.1986093767137787,True,True
46-52_Risk,382,147,235,0.0,110.22,"(4.856523847645598, 5.033078595162517)",13.29,8.34,Two-Sample Welch's t-test,0.0,9.2,"(inf, 17026.97036030843)",21505.99,7487.88,Two-Sample Welch's t-test,4.170584670913952,5.645868372069973,1.4752837011560216,True,True
39-45_Normal,362,163,199,0.0,79.45,"(4.7608796443864625, 5.002584020494699)",11.52,6.64,Two-Sample Welch's t-test,0.0,10.35,"(inf, 9009.84556837875)",13660.41,6092.77,Two-Sample Welch's t-test,4.486460444427341,5.440624869429958,0.9541644250026169,True,True
39-45_Risk,340,140,200,0.0,108.36,"(4.9380352139439285, 5.120739273127141)",13.34,8.31,Two-Sample Welch's t-test,0.0,10.79,"(inf, 14510.085050420032)",19380.44,7114.99,Two-Sample Welch's t-test,2.8946225912327637,4.189036271019081,1.2944136797863173,True,True
39-45_Very Risk,319,160,159,0.0,28.17,"(6.770865844609358, 7.791782305564033)",16.79,9.51,Two-Sample Welch's t-test,0.0,8.42,"(inf, 13647.029892718223)",19492.78,8432.04,Two-Sample Welch's t-test,2.0932364506245045,4.402301359180346,2.3090649085558423,True,True
28-38_Normal,263,146,117,0.0,69.38,"(4.92754668937908, 5.215475678241853)",11.69,6.62,Two-Sample Welch's t-test,0.0,9.48,"(inf, 8879.150742880325)",13159.5,5809.5,Two-Sample Welch's t-test,3.1074424854712155,6.411094522022524,3.303652036551309,True,True
19-27_Normal,260,79,181,0.0,61.53,"(4.795163487751116, 5.113417943097464)",11.52,6.56,Two-Sample Welch's t-test,0.0,5.28,"(inf, 7019.783978865835)",11802.72,6697.71,Two-Sample Welch's t-test,7.902057082851385,8.991144963969463,1.0890878811180782,True,True
53+_Good,241,136,105,0.0,60.03,"(4.296587930665173, 4.588163369572988)",9.56,5.11,Two-Sample Welch's t-test,0.0,12.74,"(inf, 17273.089558477437)",22251.37,7294.6,Two-Sample Welch's t-test,6.888869221815269,7.3755483185709565,0.48667909675568777,True,True
28-38_Risk,233,127,106,0.0,92.99,"(4.842802116230277, 5.052504719746445)",13.33,8.38,Two-Sample Welch's t-test,0.0,8.37,"(inf, 11881.664898561354)",17477.01,7860.49,Two-Sample Welch's t-test,2.1520999810131314,5.348689321945345,3.196589340932214,True,True
28-38_Excellent,229,229,0,,,,,,,,,,,,,,,,,
53+_Excellent,216,216,0,,,,,,,,,,,,,,,,,
28-38_Good,206,157,49,0.0,44.57,"(4.292667235802071, 4.693926949703114)",9.38,4.89,Two-Sample Welch's t-test,0.003,2.77,"(inf, 4123.81840956338)",9192.32,6786.49,Two-Sample Welch's t-test,2.4075281789785774,6.152157728024834,3.7446295490462562,True,True
46-52_Excellent,205,205,0,,,,,,,,,,,,,,,,,
46-52_Good,199,133,66,0.0,55.99,"(4.218579266751635, 4.526708081240289)",9.51,5.14,Two-Sample Welch's t-test,0.0,5.64,"(inf, 10603.151976475776)",13069.63,5218.79,Two-Sample Welch's t-test,3.144019152557039,7.129985425922104,3.985966273365065,True,True
19-27_Risk,197,50,147,0.0,75.19,"(4.893482782369867, 5.159467785008454)",13.36,8.33,Two-Sample Welch's t-test,0.0,6.7,"(inf, 9712.5435377862)",14531.7,7049.67,Two-Sample Welch's t-test,6.5957461433767195,4.916337313984244,-1.6794088293924758,True,True
1-18_Normal,195,42,153,0.0,56.58,"(4.8591149654947525, 5.213644133885111)",11.38,6.34,Two-Sample Welch's t-test,0.006,2.58,"(inf, 4315.700894781997)",8191.07,5762.55,Two-Sample Welch's t-test,3.759864543040656,7.818065919232067,4.058201376191412,True,True
39-45_Good,189,147,42,0.0,54.28,"(4.238256058822005, 4.560739394593602)",9.51,5.11,Two-Sample Welch's t-test,0.0,4.19,"(inf, 7082.870238632422)",10987.31,6174.12,Two-Sample Welch's t-test,2.679796494489331,6.96300180755739,4.283205313068058,True,True
28-38_Very Risk,176,107,69,0.0,21.91,"(6.102925982044546, 7.31675055357433)",16.22,9.51,Two-Sample Welch's t-test,0.0,5.92,"(inf, 10745.701901941218)",16356.73,8298.09,Two-Sample Welch's t-test,1.2697202669435577,4.185456644806117,2.91573637786256,True,True
28-38_Very Good,166,143,23,0.0,39.63,"(4.148230324316463, 4.590845438668493)",6.96,2.59,Two-Sample Welch's t-test,0.0,5.86,"(inf, 5349.745419301151)",8696.77,4695.65,Two-Sample Welch's t-test,0.9050096810896718,5.607354264982678,4.702344583893006,True,True
19-27_Very Risk,154,61,93,0.0,16.11,"(5.776961244793389, 7.414589311770898)",16.06,9.46,Two-Sample Welch's t-test,0.0,4.94,"(inf, 10027.9100870792)",14593.77,7447.26,Two-Sample Welch's t-test,8.923025785617797,7.447395896076777,-1.4756298895410205,True,True
39-45_Excellent,146,146,0,,,,,,,,,,,,,,,,,
1-18_Very Risk,138,36,102,0.0,14.94,"(5.52540580817093, 7.262822218003635)",15.94,9.55,Two-Sample Welch's t-test,0.0,4.89,"(inf, 5677.393371859868)",8988.75,4967.06,Two-Sample Welch's t-test,10.731567826901998,9.54325274822499,-1.1883150786770074,True,True
1-18_Risk,138,32,106,0.0,59.71,"(4.792791319603555, 5.126453833131585)",13.33,8.37,Two-Sample Welch's t-test,0.0,4.11,"(inf, 5159.979009361157)",8907.19,5447.12,Two-Sample Welch's t-test,2.4619605886754803,8.46093906538727,5.99897847671179,True,True
53+_Very Good,137,73,64,0.0,40.6,"(4.775164314044675, 5.2644078552438796)",7.37,2.35,Two-Sample Welch's t-test,0.0,10.3,"(inf, 15624.976760764433)",18624.88,5531.25,Two-Sample Welch's t-test,3.45075182524301,7.398304841724338,3.9475530164813275,True,True
39-45_Very Good,119,106,13,0.0,25.48,"(4.286202147132858, 5.052045307963738)",7.1,2.43,Two-Sample Welch's t-test,0.0,5.75,"(inf, 5601.499899545437)",8918.86,4753.77,Two-Sample Welch's t-test,0.6078268314644979,5.371614832195382,4.763788000730884,True,True
46-52_Very Good,94,69,25,0.0,28.27,"(4.307731672549678, 4.962488115930589)",7.21,2.58,Two-Sample Welch's t-test,0.002,2.94,"(inf, 14643.403288356478)",13281.41,4560.0,Two-Sample Welch's t-test,1.1645821157576235,6.919185577737126,5.754603461979502,True,True
M_01 Single,3511,2089,1422,0.0,19.83,"(1.8477167999942705, 2.2532692994976578)",7.42,5.37,Two-Sample Welch's t-test,0.0,12.02,"(inf, 3245.6141177971153)",7510.18,4719.62,Two-Sample Welch's t-test,5.115774366925968,8.146484407128938,3.0307100402029703,True,True
F_01 Single,2462,1590,872,0.0,12.27,"(1.3214986579423718, 1.8241828672593892)",7.6,6.03,Two-Sample Welch's t-test,0.0,10.9,"(inf, 3788.6601280733994)",8625.86,5414.87,Two-Sample Welch's t-test,3.162201165364125,6.237032261155097,3.0748310957909717,True,True
M_02 Maried,2084,1075,1009,0.0,20.22,"(2.7680168904353524, 3.362674110459065)",10.41,7.35,Two-Sample Welch's t-test,0.0,12.88,"(inf, 7083.50292699152)",14334.48,8187.41,Two-Sample Welch's t-test,5.574201807544648,6.712779726508843,1.1385779189641954,True,True
F_02 Maried,1691,884,807,0.0,18.37,"(2.9213538645364023, 3.619916772230705)",10.92,7.65,Two-Sample Welch's t-test,0.0,12.11,"(inf, 8564.097692663363)",14777.45,7407.83,Two-Sample Welch's t-test,4.3209567213407425,6.035457579712515,1.714500858371773,True,True
M_00 NA,1158,638,520,0.0,12.11,"(2.390210266996144, 3.3149763915759447)",8.65,5.79,Two-Sample Welch's t-test,0.0,8.09,"(inf, 6871.222467513901)",12883.71,7354.6,Two-Sample Welch's t-test,4.362083834169026,5.931950709101167,1.5698668749321416,True,True
F_00 NA,911,557,354,0.0,7.99,"(1.4810654121561786, 2.4452266295047753)",8.75,6.79,Two-Sample Welch's t-test,0.0,9.45,"(inf, 7962.885901068196)",14786.57,8193.27,Two-Sample Welch's t-test,2.6608114601736546,4.863690048592894,2.2028785884192397,True,True
F_03 Widow,72,45,27,0.0,5.46,"(2.55123827580754, 5.515738229187331)",11.67,7.63,Two-Sample Welch's t-test,0.005,2.64,"(inf, 11306.552054808682)",15829.18,9384.44,Two-Sample Welch's t-test,4.547974779902109,7.9524398517700305,3.4044650718679224,True,True
F_04 Divorce,59,27,32,0.0,4.52,"(2.310003774821995, 6.103269337824013)",11.77,7.56,Two-Sample Welch's t-test,0.0,3.69,"(inf, 13915.442280701349)",15354.04,6400.88,Two-Sample Welch's t-test,3.9231602405288646,5.017885094802138,1.0947248542732733,True,True
M_04 Divorce,28,16,12,0.003,3.38,"(1.6045429919608285, 6.711795201932722)",10.27,6.11,Two-Sample Welch's t-test,0.01,2.53,"(inf, 11085.486576120595)",13068.25,6981.42,Two-Sample Welch's t-test,4.399227665821062,6.917931859568882,2.51870419374782,True,True
M_03 Widow,8,3,5,0.954,-0.06,"(-3.120313955570782, 2.9722339600258296)",7.0,7.08,Two-Sample Welch's t-test,0.542,-0.11,"(inf, 18681.827517071215)",16848.67,17705.2,Two-Sample Welch's t-test,8.267137832946402,3.1576744433026076,-5.1094633896437935,False,False
"M_1-60,000",1862,1034,828,0.0,12.96,"(1.7661689734124328, 2.396343279616249)",8.51,6.43,Two-Sample Welch's t-test,0.0,13.22,"(inf, 1253.4590175875842)",4289.76,3198.29,Two-Sample Welch's t-test,14.68725428802323,13.128929163142548,-1.5583251248806829,True,True
"M_60,001-88,000",1825,926,899,0.0,21.41,"(3.28979347518616, 3.9534559767091046)",9.89,6.27,Two-Sample Welch's t-test,0.0,21.12,"(inf, 2848.1948996509564)",7123.65,4517.55,Two-Sample Welch's t-test,13.929637099491806,11.770605013737072,-2.1590320857547347,True,True
"F_1-60,000",1519,823,696,0.0,10.24,"(1.6115052713318927, 2.375400382539603)",9.32,7.33,Two-Sample Welch's t-test,0.0,9.77,"(inf, 1179.2989797241585)",4578.77,3596.61,Two-Sample Welch's t-test,14.002368596429854,10.834654051258749,-3.167714545171105,True,True
"F_60,001-88,000",1210,600,610,0.0,18.9,"(3.4435214974922537, 4.241754912819907)",10.45,6.61,Two-Sample Welch's t-test,0.0,19.2,"(inf, 3120.901058694531)",7556.38,4725.03,Two-Sample Welch's t-test,11.616592905659209,9.123244130291877,-2.4933487753673322,True,True
"M_88,001-130,0000",1183,645,538,0.0,12.46,"(1.8650726295376643, 2.562567154290896)",8.74,6.52,Two-Sample Welch's t-test,0.0,12.65,"(inf, 2793.6071136214196)",9257.19,6838.61,Two-Sample Welch's t-test,9.174281683461583,9.318664197124084,0.14438251366250127,True,True
"F_88,001-130,0000",848,505,343,0.0,7.37,"(1.1389583863902404, 1.966251368438349)",8.81,7.26,Two-Sample Welch's t-test,0.0,7.23,"(inf, 2104.684447486635)",9425.61,7770.27,Two-Sample Welch's t-test,6.23212112402992,7.231162703807996,0.9990415797780761,True,True
"M_130,000-190,000",795,487,308,0.0,8.47,"(1.5060558531229016, 2.41479994732576)",7.54,5.58,Two-Sample Welch's t-test,0.0,8.79,"(inf, 3907.3147344748486)",11839.34,8645.11,Two-Sample Welch's t-test,5.467138322278541,7.4157056340834355,1.9485673118048947,True,True
"F_130,000-190,000",723,488,235,0.0,6.51,"(1.1532904147091232, 2.1489272902688983)",7.82,6.17,Two-Sample Welch's t-test,0.0,6.62,"(inf, 3454.599376172143)",12299.48,9635.45,Two-Sample Welch's t-test,3.8931029273225617,6.464615861168997,2.5715129338464355,True,True
"M_190,001-300,0000",712,447,265,0.0,8.64,"(1.769790883825492, 2.8101513388812753)",7.17,4.88,Two-Sample Welch's t-test,0.0,8.03,"(inf, 6411.227502330733)",16668.12,11516.27,Two-Sample Welch's t-test,4.097118571255406,6.535643871686066,2.4385253004306597,True,True
"F_190,001-300,0000",477,365,112,0.0,5.61,"(1.3322054524658238, 2.7713344255732375)",7.89,5.84,Two-Sample Welch's t-test,0.0,5.26,"(inf, 6533.1524689249845)",18597.94,13843.55,Two-Sample Welch's t-test,1.8185894618253535,5.252811285413807,3.434221823588453,True,True
"F_300,001+",418,322,96,0.0,3.99,"(0.7907165132655967, 2.329639042532044)",7.37,5.81,Two-Sample Welch's t-test,0.0,4.42,"(inf, 13164.559099577666)",31953.11,22843.65,Two-Sample Welch's t-test,1.2279214736773312,4.107015485706484,2.879094012029152,True,True
"M_300,001+",412,282,130,0.0,3.89,"(0.7569524858149455, 2.3058427120367657)",6.82,5.29,Two-Sample Welch's t-test,0.0,4.95,"(inf, 15565.136124820336)",33185.75,22045.73,Two-Sample Welch's t-test,1.7961591714355525,4.260042995275888,2.4638838238403347,True,True
M_A1,2770,1357,1413,0.0,4.97,"(0.2986943319444153, 0.6880786176701408)",7.42,6.92,Two-Sample Welch's t-test,0.0,7.93,"(inf, 1795.8328860107436)",7264.55,5824.84,Two-Sample Welch's t-test,8.183567241867888,7.915402033049092,-0.26816520881879635,True,True
M_E1,2483,1518,965,0.0,29.35,"(3.325798543413243, 3.802002443442942)",7.57,4.01,Two-Sample Welch's t-test,0.0,18.03,"(inf, 8578.623979665335)",10974.34,3237.22,Two-Sample Welch's t-test,2.236614795695359,7.663793476435969,5.42717868074061,True,True
F_A1,2186,951,1235,0.182,-1.34,"(-0.3914373016800521, 0.07418820570138321)",7.12,7.28,Two-Sample Welch's t-test,0.0,8.14,"(inf, 2364.1656114148677)",7660.88,5755.87,Two-Sample Welch's t-test,7.042651211175508,6.152930147710862,-0.889721063464647,False,True
F_E1,1827,1433,394,0.0,34.01,"(4.503393262566813, 5.054715839184202)",8.74,3.96,Two-Sample Welch's t-test,0.0,22.22,"(inf, 11671.824350813056)",13945.94,3220.74,Two-Sample Welch's t-test,0.733982555962938,7.428662808131806,6.694680252168868,True,True
M_C1,811,417,394,0.001,3.28,"(0.2739619615852799, 1.0908633168802424)",8.5,7.82,Two-Sample Welch's t-test,0.019,2.08,"(inf, 2918.539993632252)",13737.99,12237.94,Two-Sample Welch's t-test,9.921652112266518,9.966948916207729,0.04529680394120966,True,True
M_A2,709,529,180,0.0,24.28,"(5.535947129654111, 6.510099334008955)",13.78,7.76,Two-Sample Welch's t-test,0.797,-0.83,"(inf, 878.4464115126491)",13860.11,14502.08,Two-Sample Welch's t-test,3.482206281077728,4.418521088087936,0.9363148070102085,True,False
F_A2,640,456,184,0.0,22.71,"(5.454740897903539, 6.487662761285504)",14.05,8.08,Two-Sample Welch's t-test,0.713,-0.56,"(inf, 946.1934395372252)",13508.22,13887.23,Two-Sample Welch's t-test,2.730482101998373,3.1135972037144803,0.38311510171610724,True,False
F_C1,538,263,275,0.0,-4.68,"(-1.9904385019000341, -0.8127946834301282)",6.7,8.1,Two-Sample Welch's t-test,0.749,-0.67,"(inf, 916.693593338118)",10310.25,10787.77,Two-Sample Welch's t-test,8.50554236530696,7.204451207505904,-1.301091157801057,True,False
M_H1,15,0,15,,,,,,,,,,,,,,,,,
F_H2,2,0,2,,,,,,,,,,,,,,,,,
F_H1,2,0,2,,,,,,,,,,,,,,,,,
M_H2,1,0,1,,,,,,,,,,,,,,,,,
M_Good,1435,713,722,0.0,147.84,"(4.884844049361199, 5.016220814720558)",9.33,4.38,Two-Sample Welch's t-test,0.0,12.63,"(inf, 6482.971858424968)",9663.77,4052.87,Two-Sample Welch's t-test,6.412684275827051,8.556955400851862,2.1442711250248117,True,True
M_Very Good,1256,750,506,0.0,121.24,"(4.605629426575865, 4.757129513911016)",7.23,2.55,Two-Sample Welch's t-test,0.0,10.92,"(inf, 4864.3564444697795)",8078.89,3955.55,Two-Sample Welch's t-test,5.3718729226535755,8.577054617528217,3.205181694874641,True,True
M_Excellent,1223,1223,0,,,,,,,,,,,,,,,,,
M_Normal,1097,372,725,0.0,132.55,"(4.935072257298765, 5.083462736805435)",11.55,6.54,Two-Sample Welch's t-test,0.0,14.47,"(inf, 9728.842419887907)",15321.06,6755.84,Two-Sample Welch's t-test,6.2877361837979056,6.294484196525714,0.006748012727808561,True,True
F_Excellent,984,984,0,,,,,,,,,,,,,,,,,
F_Normal,976,395,581,0.0,128.64,"(4.929189368532926, 5.081929464147638)",11.61,6.61,Two-Sample Welch's t-test,0.0,13.86,"(inf, 11287.801339579131)",16572.87,6686.78,Two-Sample Welch's t-test,4.862395296960284,6.414719439940921,1.5523241429806365,True,True
F_Good,914,541,373,0.0,113.12,"(4.7057345160147115, 4.8719572945383565)",9.35,4.56,Two-Sample Welch's t-test,0.0,14.31,"(inf, 7650.696429763585)",10666.56,3938.67,Two-Sample Welch's t-test,3.167477827409421,7.496536499174793,4.329058671765372,True,True
M_Risk,909,328,581,0.0,172.02,"(4.941907164266528, 5.0560326321746345)",13.34,8.34,Two-Sample Welch's t-test,0.0,11.96,"(inf, 12823.693052821543)",19483.09,8469.6,Two-Sample Welch's t-test,4.826119705949488,5.893552611596601,1.067432905647113,True,True
M_Very Risk,869,435,434,0.0,51.38,"(6.762644312166254, 7.300562338871261)",16.55,9.52,Two-Sample Welch's t-test,0.0,8.18,"(inf, 9899.90612198371)",17712.75,9729.47,Two-Sample Welch's t-test,3.9504718360196076,5.948132173502968,1.9976603374833604,True,True
F_Risk,841,311,530,0.0,169.13,"(4.910310897728416, 5.025669685429913)",13.31,8.34,Two-Sample Welch's t-test,0.0,11.32,"(inf, 14696.172035671894)",20878.52,8358.47,Two-Sample Welch's t-test,3.76942191393316,4.784442489862418,1.015020575929257,True,True
F_Very Risk,805,405,400,0.0,46.82,"(6.916760161404912, 7.52294524198753)",16.75,9.53,Two-Sample Welch's t-test,0.0,10.36,"(inf, 13265.223082398816)",19642.4,8491.44,Two-Sample Welch's t-test,2.672069054779934,5.2160156445371,2.543946589757166,True,True
F_Very Good,675,467,208,0.0,90.34,"(4.659425547502037, 4.866523790123404)",7.22,2.45,Two-Sample Welch's t-test,0.0,11.32,"(inf, 4871.819371391495)",8371.8,4220.19,Two-Sample Welch's t-test,2.433064727633643,5.83487607739925,3.401811349765607,True,True
"01 Single_1-60,000",2482,1473,1009,0.0,14.32,"(1.4701705809985266, 1.9368430895056243)",7.84,6.14,Two-Sample Welch's t-test,0.0,14.86,"(inf, 986.1385013452651)",3852.07,2980.92,Two-Sample Welch's t-test,14.437506486135534,14.95472233748621,0.5172158513506747,True,True
"01 Single_60,001-88,000",1397,804,593,0.0,15.84,"(2.270590791084688, 2.912528871056523)",7.88,5.29,Two-Sample Welch's t-test,0.0,15.39,"(inf, 2037.0236749653839)",5551.46,3744.7,Two-Sample Welch's t-test,12.064113471478382,12.977416956780333,0.91330348530195,True,True
"02 Maried_60,001-88,000",1214,519,695,0.0,31.95,"(5.169336932912004, 5.846433983280083)",12.92,7.41,Two-Sample Welch's t-test,0.0,33.94,"(inf, 4343.384475293532)",9472.97,5367.14,Two-Sample Welch's t-test,13.270205659497908,9.023941534607886,-4.246264124890023,True,True
"02 Maried_88,001-130,0000",950,512,438,0.0,12.83,"(1.8305554195059488, 2.4917139464618145)",9.86,7.7,Two-Sample Welch's t-test,0.0,12.96,"(inf, 2682.818961481602)",10356.46,8026.42,Two-Sample Welch's t-test,9.771008647897593,9.108338233477353,-0.6626704144202398,True,True
"01 Single_88,001-130,0000",738,452,286,0.0,8.48,"(1.4897874242567886, 2.3871469896358866)",7.47,5.53,Two-Sample Welch's t-test,0.0,8.32,"(inf, 2634.9569789895813)",8099.66,5967.88,Two-Sample Welch's t-test,5.445815474025783,7.823896668958384,2.378081194932601,True,True
"01 Single_130,000-190,000",593,400,193,0.0,7.41,"(1.4265198817614242, 2.4551399250215584)",6.99,5.04,Two-Sample Welch's t-test,0.0,7.11,"(inf, 3844.6920911571315)",11022.86,8010.56,Two-Sample Welch's t-test,4.018754790346644,7.663058084952226,3.6443032946055824,True,True
"02 Maried_1-60,000",501,197,304,0.0,14.25,"(5.080619538801375, 6.712932788600537)",14.44,8.54,Two-Sample Welch's t-test,0.0,14.33,"(inf, 3576.862072211028)",7460.95,4316.73,Two-Sample Welch's t-test,13.595606426668102,7.800505570633491,-5.795100856034612,True,True
"01 Single_190,001-300,0000",473,334,139,0.0,6.36,"(1.4169315943420058, 2.684728763139014)",6.88,4.83,Two-Sample Welch's t-test,0.0,6.27,"(inf, 6311.749153241745)",15955.97,11150.75,Two-Sample Welch's t-test,2.5290873667504656,5.945454242006555,3.41636687525609,True,True
"00 NA_130,000-190,000",451,297,154,0.0,5.69,"(1.204296900474895, 2.4747098254653404)",7.53,5.69,Two-Sample Welch's t-test,0.0,6.19,"(inf, 4089.607313582529)",11835.93,8732.51,Two-Sample Welch's t-test,3.9699266045631836,6.144543952191533,2.17461734762835,True,True
"02 Maried_130,000-190,000",447,264,183,0.0,6.84,"(1.502919348537661, 2.7150851750084986)",8.84,6.73,Two-Sample Welch's t-test,0.0,7.07,"(inf, 4418.686966421278)",13839.19,10382.08,Two-Sample Welch's t-test,5.805028148239041,6.90646900494753,1.101440856708489,True,True
"02 Maried_190,001-300,0000",375,252,123,0.0,6.63,"(1.8180078012571645, 3.3502247819486692)",8.38,5.79,Two-Sample Welch's t-test,0.0,5.99,"(inf, 7662.377059653573)",19676.22,13907.35,Two-Sample Welch's t-test,3.1623332640761905,6.0096659425481755,2.847332678471985,True,True
"00 NA_60,001-88,000",372,174,198,0.0,13.42,"(4.438150003873528, 5.9670437317906915)",11.45,6.25,Two-Sample Welch's t-test,0.0,13.89,"(inf, 4466.721672959222)",8384.43,4473.07,Two-Sample Welch's t-test,14.308778036200925,10.291843377796415,-4.016934658404511,True,True
"00 NA_1-60,000",367,178,189,0.0,6.37,"(2.212413365329486, 4.196619058222835)",10.9,7.69,Two-Sample Welch's t-test,0.0,6.35,"(inf, 2178.0868099307822)",5535.62,3873.68,Two-Sample Welch's t-test,14.683711304146216,8.989133572255103,-5.694577731891112,True,True
"00 NA_190,001-300,0000",328,214,114,0.0,6.09,"(1.6865111445791974, 3.2963487052025777)",7.36,4.87,Two-Sample Welch's t-test,0.0,5.65,"(inf, 7707.571404031773)",17329.03,11611.68,Two-Sample Welch's t-test,3.158602992420509,5.493670176125553,2.3350671837050445,True,True
"00 NA_88,001-130,0000",317,171,146,0.0,5.89,"(1.4951987902311052, 2.9941840671890945)",8.8,6.55,Two-Sample Welch's t-test,0.0,5.83,"(inf, 3221.0896133303354)",9406.43,6998.71,Two-Sample Welch's t-test,7.436731512355664,7.299671884627336,-0.13705962772832814,True,True
"01 Single_300,001+",290,216,74,0.009,2.64,"(0.2819398012376554, 1.9474417311915708)",5.76,4.65,Two-Sample Welch's t-test,0.0,3.82,"(inf, 12458.516547716525)",27161.69,18944.64,Two-Sample Welch's t-test,1.2724869654779898,4.013523095992643,2.7410361305146536,True,True
"02 Maried_300,001+",288,215,73,0.005,2.85,"(0.3899980277992059, 2.129372833923724)",8.38,7.12,Two-Sample Welch's t-test,0.0,3.38,"(inf, 15261.732228850628)",38009.71,28365.33,Two-Sample Welch's t-test,1.6435081104613045,4.564159800658924,2.92065169019762,True,True
"00 NA_300,001+",234,161,73,0.0,4.72,"(1.452282161655212, 3.5331443479636366)",7.09,4.6,Two-Sample Welch's t-test,0.0,4.51,"(inf, 18335.625039965154)",32170.91,19406.38,Two-Sample Welch's t-test,1.4760144910239297,3.8078396055132995,2.33182511448937,True,True
"03 Widow_60,001-88,000",27,15,12,0.0,9.76,"(6.347309875748341, 9.885299216604327)",14.59,6.47,Two-Sample Welch's t-test,0.0,13.5,"(inf, 6831.690006587086)",10395.0,4500.0,Two-Sample Welch's t-test,8.467798842734158,11.359943930653525,2.892145087919366,True,True
"04 Divorce_60,001-88,000",25,14,11,0.0,6.81,"(4.6137190557133145, 8.777617729922953)",13.21,6.51,Two-Sample Welch's t-test,0.0,8.88,"(inf, 6005.837674681141)",9689.93,4828.55,Two-Sample Welch's t-test,8.51271843150831,10.326474593533842,1.8137561620255316,True,True
"04 Divorce_1-60,000",20,5,15,0.069,2.46,"(-0.6518098285466971, 11.291964924264036)",13.71,8.39,Two-Sample Welch's t-test,0.05,2.13,"(inf, 5726.301707709683)",7002.0,4517.6,Two-Sample Welch's t-test,29.060562136013928,8.369111023990973,-20.691451112022957,False,False
"04 Divorce_130,000-190,000",17,7,10,0.053,2.24,"(-0.06131744974253284, 7.957637605200827)",9.99,6.04,Two-Sample Welch's t-test,0.03,2.14,"(inf, 12013.86805612174)",15885.0,10025.8,Two-Sample Welch's t-test,9.215177680184858,6.484100701678887,-2.7310769785059725,False,True
"04 Divorce_88,001-130,0000",15,7,8,0.021,2.74,"(0.6565394712918962, 6.514930443726005)",10.77,7.18,Two-Sample Welch's t-test,0.025,2.2,"(inf, 6115.311552162979)",11483.86,8433.62,Two-Sample Welch's t-test,7.143424341788328,5.396382764764246,-1.747041577024082,True,True
"03 Widow_300,001+",11,5,6,0.148,1.63,"(-1.3002206269345633, 6.9456132617860336)",10.42,7.59,Two-Sample Welch's t-test,0.007,3.01,"(inf, 30963.943843575875)",45958.2,28282.83,Two-Sample Welch's t-test,5.5549663324462255,5.07013184844875,-0.4848344839974754,False,True
"03 Widow_88,001-130,0000",11,8,3,0.814,0.24,"(-2.5573154995805263, 3.1516336139262124)",9.56,9.26,Two-Sample Welch's t-test,0.78,-0.81,"(inf, 1991.7706755909508)",9796.88,10903.0,Two-Sample Welch's t-test,3.7911742104183404,5.73866818965612,1.9474939792377792,False,False
"03 Widow_1-60,000",11,4,7,0.005,7.17,"(5.541919211573664, 14.138845050888182)",17.84,8.0,Two-Sample Welch's t-test,0.004,6.55,"(inf, 8053.372835470992)",9919.25,4500.0,Two-Sample Welch's t-test,15.483832912238618,9.889581256231306,-5.594251656007312,True,True
"03 Widow_130,000-190,000",10,7,3,0.544,-0.64,"(-4.511676246368815, 2.586950009048682)",7.61,8.57,Two-Sample Welch's t-test,0.633,-0.35,"(inf, 4335.9578825980525)",11250.0,12000.0,Two-Sample Welch's t-test,5.114159402666182,6.380268886811194,1.2661094841450122,False,False
"03 Widow_190,001-300,0000",10,9,1,,-0.45,"(nan, nan)",8.21,8.69,Two-Sample Welch's t-test,,0.75,"(inf, nan)",20037.89,18000.0,Two-Sample Welch's t-test,1.526230820366024,10.917490286671825,9.391259466305799,,
"04 Divorce_300,001+",7,7,0,,,,,,,,,,,,,,,,,
"04 Divorce_190,001-300,0000",3,3,0,,,,,,,,,,,,,,,,,
01 Single_E1,2795,1667,1128,0.0,22.69,"(2.1758125297906394, 2.58755771933222)",6.49,4.1,Two-Sample Welch's t-test,0.0,16.92,"(inf, 5199.4607351581835)",7651.25,2991.82,Two-Sample Welch's t-test,3.2379042541127,8.748971983522104,5.511067729409404,True,True
01 Single_A1,2582,1615,967,0.0,10.12,"(0.7688042445898567, 1.1381632265399697)",8.04,7.09,Two-Sample Welch's t-test,0.0,5.34,"(inf, 1393.5634624971294)",7163.78,6144.26,Two-Sample Welch's t-test,5.868843714810644,8.122709465436623,2.253865750625979,True,True
02 Maried_A1,1469,305,1164,0.0,-17.57,"(-3.1487913562869387, -2.5150649935803813)",4.36,7.19,Two-Sample Welch's t-test,0.002,2.98,"(inf, 1408.2816263253085)",6344.26,5496.13,Two-Sample Welch's t-test,13.188818108726574,6.228574187629762,-6.960243921096812,True,True
00 NA_A1,846,377,469,0.135,-1.5,"(-0.6730558147218915, 0.09102758179095)",6.56,6.85,Two-Sample Welch's t-test,0.0,7.83,"(inf, 4474.7197769208615)",9477.45,5900.85,Two-Sample Welch's t-test,5.62929061784897,5.257465733771824,-0.37182488407714737,False,True
02 Maried_A2,778,565,213,0.0,27.77,"(5.712576637381671, 6.581708472611794)",13.99,7.84,Two-Sample Welch's t-test,0.508,-0.02,"(inf, 1093.1352217365438)",13113.05,13125.0,Two-Sample Welch's t-test,3.7457041220330805,4.1994086776868285,0.4537045556537479,True,False
02 Maried_C1,776,370,406,0.0,4.28,"(0.48674692540723363, 1.313472746010019)",9.07,8.17,Two-Sample Welch's t-test,0.016,2.16,"(inf, 2739.091273316114)",13180.69,11746.06,Two-Sample Welch's t-test,11.269414807941851,10.087629065789294,-1.181785742152558,True,True
02 Maried_E1,751,719,32,0.0,11.23,"(3.7823946871903664, 5.452989966159263)",11.48,6.87,Two-Sample Welch's t-test,0.0,11.95,"(inf, 16006.765432249522)",19822.11,6088.59,Two-Sample Welch's t-test,0.1626157740681111,7.494808834809409,7.3321930607412975,True,True
00 NA_E1,735,538,197,0.0,27.59,"(5.346360237893957, 6.165689057478661)",8.63,2.87,Two-Sample Welch's t-test,0.0,14.61,"(inf, 14408.902826745249)",16795.46,4093.93,Two-Sample Welch's t-test,0.9687506869198568,6.411110688951986,5.44236000203213,True,True
01 Single_C1,301,176,125,0.0,-5.08,"(-2.4236376828624357, -1.0699998601075777)",5.27,7.02,Two-Sample Welch's t-test,0.072,1.46,"(inf, 3978.135464787015)",9835.27,8138.96,Two-Sample Welch's t-test,6.82172844254489,8.262024538161377,1.4402960956164876,True,False
01 Single_A2,286,221,65,0.0,12.68,"(4.288695757973088, 5.864264641787238)",12.99,7.91,Two-Sample Welch's t-test,0.516,-0.04,"(inf, 2866.955034240233)",15152.71,15213.46,Two-Sample Welch's t-test,1.8511498610058124,3.241402841399937,1.390252980394125,True,False
00 NA_C1,249,123,126,0.312,-1.02,"(-1.2926275540706724, 0.4151652275969412)",7.62,8.06,Two-Sample Welch's t-test,0.812,-0.89,"(inf, 1254.4938297515919)",13328.05,14358.15,Two-Sample Welch's t-test,7.709353815280571,7.104527629845335,-0.6048261854352366,False,False
00 NA_A2,229,157,72,0.0,12.99,"(5.695474347237149, 7.733752196174346)",14.88,8.16,Two-Sample Welch's t-test,0.971,-1.92,"(inf, 77.19342453016952)",14061.31,16567.71,Two-Sample Welch's t-test,3.1911798637654116,2.9074476491505337,-0.283732214614878,True,False
04 Divorce_A1,33,5,28,0.046,-2.6,"(-5.113470569095285, -0.07478224279226442)",4.25,6.85,Two-Sample Welch's t-test,0.088,1.64,"(inf, 3743.867785231278)",6000.0,4607.14,Two-Sample Welch's t-test,10.736579275905118,3.5211267605633805,-7.215452515341739,True,False
03 Widow_A2,29,23,6,0.0,4.39,"(3.0072043271805615, 8.56544325076503)",13.74,7.96,Two-Sample Welch's t-test,0.793,-0.89,"(inf, 9021.029877096154)",12554.35,17375.0,Two-Sample Welch's t-test,9.589513625388065,8.092485549132949,-1.4970280762551162,True,False
04 Divorce_A2,27,19,8,0.0,8.97,"(4.942544078000754, 7.891455525479383)",14.39,7.97,Two-Sample Welch's t-test,0.042,1.81,"(inf, 4319.293905836557)",12513.16,10500.0,Two-Sample Welch's t-test,4.151992585727526,5.242268893666281,1.0902763079387547,True,True
03 Widow_A1,26,6,20,0.0,-6.85,"(-4.100556195327034, -2.047426302422839)",4.05,7.12,Two-Sample Welch's t-test,0.232,0.76,"(inf, 3207.7128294267377)",6000.0,5175.0,Two-Sample Welch's t-test,7.395498392282958,5.660377358490567,-1.7351210337923917,True,False
03 Widow_E1,15,14,1,,3.88,"(nan, nan)",11.56,9.59,Two-Sample Welch's t-test,,2.32,"(inf, nan)",23952.86,12750.0,Two-Sample Welch's t-test,0.5442194292738832,6.963639931597096,6.419420502323213,,
04 Divorce_E1,14,13,1,,8.84,"(nan, nan)",11.32,4.88,Two-Sample Welch's t-test,,3.84,"(inf, nan)",20426.54,4020.0,Two-Sample Welch's t-test,0.13744717515283306,5.660902265256264,5.523455090103432,,
04 Divorce_C1,13,6,7,0.541,-0.65,"(-5.4735245197286435, 3.18540747516807)",6.72,7.86,Two-Sample Welch's t-test,0.2,0.91,"(inf, 17891.237205852172)",15059.33,10226.43,Two-Sample Welch's t-test,7.403044778156856,7.492317464108088,0.08927268595123189,False,False
03 Widow_C1,10,5,5,0.758,0.32,"(-2.9017017946073875, 3.746462281553882)",8.77,8.35,Two-Sample Welch's t-test,0.753,-0.72,"(inf, 8282.332825330759)",20553.8,24281.2,Two-Sample Welch's t-test,6.697674521241999,6.68117291254385,-0.01650160869814815,False,False
00 NA_H1,9,0,9,,,,,,,,,,,,,,,,,
01 Single_H1,8,0,8,,,,,,,,,,,,,,,,,
00 NA_H2,1,0,1,,,,,,,,,,,,,,,,,
01 Single_H2,1,0,1,,,,,,,,,,,,,,,,,
02 Maried_H2,1,0,1,,,,,,,,,,,,,,,,,
01 Single_Good,1567,760,807,0.0,169.15,"(4.911013404552482, 5.026250479769213)",9.25,4.28,Two-Sample Welch's t-test,0.0,14.72,"(inf, 4977.960465301645)",7732.45,3339.88,Two-Sample Welch's t-test,5.589796534236639,9.465521973776196,3.8757254395395577,True,True
01 Single_Excellent,1399,1399,0,,,,,,,,,,,,,,,,,
01 Single_Very Good,1280,848,432,0.0,125.5,"(4.56054121616498, 4.705396553076822)",7.27,2.64,Two-Sample Welch's t-test,0.0,11.22,"(inf, 4310.738126322418)",7140.49,3471.53,Two-Sample Welch's t-test,4.488895491217704,8.044694419299724,3.55579892808202,True,True
02 Maried_Normal,978,359,619,0.0,125.31,"(4.882700727344339, 5.038124032477008)",11.57,6.61,Two-Sample Welch's t-test,0.0,14.23,"(inf, 9798.007985320059)",15413.87,6805.23,Two-Sample Welch's t-test,7.424592384910344,6.465027813407834,-0.9595645715025108,True,True
02 Maried_Very Risk,844,424,420,0.0,52.99,"(6.8990822125016456, 7.430595965136534)",16.7,9.54,Two-Sample Welch's t-test,0.0,9.42,"(inf, 11616.024857739041)",18723.93,9112.25,Two-Sample Welch's t-test,3.6805294115887732,6.132667405284951,2.4521379936961774,True,True
02 Maried_Risk,838,301,537,0.0,165.03,"(4.939922430702853, 5.058903144131841)",13.32,8.32,Two-Sample Welch's t-test,0.0,9.39,"(inf, 13728.724348348242)",20258.3,8906.77,Two-Sample Welch's t-test,5.440989326383426,5.9539036644194585,0.5129143380360323,True,True
01 Single_Normal,687,251,436,0.0,107.18,"(4.960855882555172, 5.146097462251713)",11.55,6.5,Two-Sample Welch's t-test,0.0,10.39,"(inf, 8856.683087213441)",13699.22,6252.47,Two-Sample Welch's t-test,5.2644655896592525,6.518881386659723,1.2544157970004717,True,True
01 Single_Risk,555,189,366,0.0,136.09,"(4.908360004712067, 5.052277072641802)",13.35,8.37,Two-Sample Welch's t-test,0.0,11.0,"(inf, 12750.43291828979)",18051.26,7237.64,Two-Sample Welch's t-test,3.285172012368377,4.872107756887808,1.5869357445194312,True,True
01 Single_Very Risk,485,232,253,0.0,34.9,"(6.327413044135278, 7.084573284756991)",16.24,9.53,Two-Sample Welch's t-test,0.0,9.39,"(inf, 11225.086820901466)",16645.68,7363.78,Two-Sample Welch's t-test,2.818829156669516,5.527668141866908,2.7088389851973917,True,True
02 Maried_Good,467,305,162,0.0,89.08,"(4.317159339361809, 4.5119863768891095)",9.57,5.15,Two-Sample Welch's t-test,0.0,7.86,"(inf, 9088.793982126706)",13653.5,6383.17,Two-Sample Welch's t-test,5.1082410186111415,7.819150978619982,2.71090996000884,True,True
00 NA_Excellent,419,419,0,,,,,,,,,,,,,,,,,
02 Maried_Excellent,374,374,0,,,,,,,,,,,,,,,,,
00 NA_Normal,368,143,225,0.0,81.23,"(4.933249610767509, 5.1782430524944685)",11.66,6.6,Two-Sample Welch's t-test,0.0,9.78,"(inf, 16670.7794092518)",21315.79,7445.61,Two-Sample Welch's t-test,3.633034503160257,6.074078676483819,2.4410441733235624,True,True
00 NA_Very Good,365,165,200,0.0,60.15,"(4.503411526150039, 4.808271952986114)",6.96,2.3,Two-Sample Welch's t-test,0.0,8.33,"(inf, 6082.768641962575)",9781.72,4863.07,Two-Sample Welch's t-test,4.472175757199271,5.221681672517985,0.7495059153187135,True,True
00 NA_Very Risk,312,161,151,0.0,27.19,"(7.012663243981159, 8.111249503819412)",17.05,9.49,Two-Sample Welch's t-test,0.0,4.48,"(inf, 13947.84325832565)",21617.14,11931.36,Two-Sample Welch's t-test,3.041999693915028,4.566897957433906,1.5248982635188788,True,True
00 NA_Risk,309,132,177,0.0,106.19,"(4.861064942261541, 5.044672097947652)",13.33,8.38,Two-Sample Welch's t-test,0.0,9.51,"(inf, 17124.24607452258)",23398.52,9216.81,Two-Sample Welch's t-test,3.5048330627363606,4.616009489421694,1.1111764266853335,True,True
00 NA_Good,296,175,121,0.0,62.4,"(4.603996578645645, 4.9041371476995925)",9.32,4.57,Two-Sample Welch's t-test,0.0,9.85,"(inf, 9698.064602486656)",13403.41,5321.64,Two-Sample Welch's t-test,2.820003906465551,6.024810569779657,3.2048066633141055,True,True
02 Maried_Very Good,274,196,78,0.0,53.12,"(4.653088741902599, 5.011873605111739)",7.25,2.42,Two-Sample Welch's t-test,0.0,9.5,"(inf, 7672.145973679941)",11258.94,4905.38,Two-Sample Welch's t-test,2.1982035996603706,7.343143704534858,5.144940104874488,True,True
04 Divorce_Risk,26,8,18,0.0,29.65,"(4.562496489329236, 5.288551113556556)",13.06,8.14,Two-Sample Welch's t-test,0.002,3.9,"(inf, 17256.917870187975)",17784.38,6923.11,Two-Sample Welch's t-test,5.068014927169857,5.528467478894485,0.46045255172462857,True,True
04 Divorce_Normal,23,9,14,0.0,24.68,"(4.90144895256998, 5.805806167720406)",11.82,6.47,Two-Sample Welch's t-test,0.007,3.12,"(inf, 21017.90692741114)",18689.22,6541.36,Two-Sample Welch's t-test,5.936780826802026,8.791016389569922,2.854235562767897,True,True
03 Widow_Risk,22,9,13,0.0,21.74,"(4.444370220917651, 5.396834541361358)",13.23,8.31,Two-Sample Welch's t-test,0.262,0.65,"(inf, 14520.10956278235)",15928.56,12532.38,Two-Sample Welch's t-test,8.390922285044452,6.453234900235204,-1.9376873848092488,True,False
04 Divorce_Very Risk,17,11,6,0.0,11.21,"(5.629532620520743, 8.394661621582253)",16.39,9.38,Two-Sample Welch's t-test,0.041,1.88,"(inf, 18329.61244985436)",16186.36,7648.33,Two-Sample Welch's t-test,2.017561445715331,4.898825024865561,2.8812635791502297,True,True
03 Widow_Normal,17,5,12,0.0,15.36,"(4.013481658333685, 5.5627867479211215)",11.54,6.75,Two-Sample Welch's t-test,0.024,2.25,"(inf, 9921.956130042952)",11454.0,6470.92,Two-Sample Welch's t-test,4.783256292996393,2.649358940256424,-2.1338973527399685,True,True
03 Widow_Very Risk,16,12,4,0.0,13.9,"(6.6698292998736655, 9.160532600340467)",17.52,9.61,Two-Sample Welch's t-test,0.655,-0.43,"(inf, 19124.09959754085)",16755.0,20364.75,Two-Sample Welch's t-test,3.3572857828782916,6.952012923427585,3.5947271405492933,True,False
03 Widow_Good,11,9,2,0.0,17.36,"(3.8042376330056933, 4.970933933941195)",9.73,5.34,Two-Sample Welch's t-test,0.003,3.75,"(inf, 30554.922080938864)",23411.67,4500.0,Two-Sample Welch's t-test,2.5101311682987166,11.746816671498339,9.236685503199622,True,True
04 Divorce_Good,8,5,3,0.001,8.72,"(3.2611024454748225, 6.270044008721525)",9.42,4.65,Two-Sample Welch's t-test,0.091,1.61,"(inf, 22781.378905848687)",12720.0,4340.0,Two-Sample Welch's t-test,3.628418711716281,4.445612543896929,0.8171938321806481,True,False
03 Widow_Excellent,8,8,0,,,,,,,,,,,,,,,,,
04 Divorce_Excellent,7,7,0,,,,,,,,,,,,,,,,,
04 Divorce_Very Good,6,3,3,0.019,7.18,"(1.7121604021918402, 6.776674854853127)",6.94,2.7,Two-Sample Welch's t-test,0.005,9.58,"(inf, 3622.4498911297223)",6999.67,4500.0,Two-Sample Welch's t-test,2.7775034564487457,2.9004384014232163,0.12293494497447044,True,True
03 Widow_Very Good,6,5,1,,10.73,"(nan, nan)",7.58,3.28,Two-Sample Welch's t-test,,1.58,"(inf, nan)",14384.2,10875.0,Two-Sample Welch's t-test,3.780228795089005,10.355243853099259,6.575015058010254,,
"1-60,000_A1",1571,830,741,0.178,1.35,"(-0.036803797953140496, 0.19871474986112114)",8.86,8.78,Two-Sample Welch's t-test,,,"(inf, nan)",4500.0,4500.0,Two-Sample Welch's t-test,17.628865979381445,17.05596273717378,-0.5729032422076646,False,
"1-60,000_E1",1505,830,675,0.0,14.99,"(1.7262693214220748, 2.2463819276)",6.62,4.63,Two-Sample Welch's t-test,0.0,14.82,"(inf, 1021.1728259847014)",3122.71,2220.91,Two-Sample Welch's t-test,9.904444964184204,14.085138503726094,4.180693539541889,True,True
"60,001-88,000_A1",1476,397,1079,0.0,10.1,"(1.285457602228345, 1.906701751365206)",8.46,6.87,Two-Sample Welch's t-test,0.0,9.48,"(inf, 1228.328930159513)",5935.77,4918.44,Two-Sample Welch's t-test,15.924025564857322,13.061190555370802,-2.8628350094865196,True,True
"60,001-88,000_E1",937,631,306,0.0,20.79,"(3.521155303146119, 4.255239446956696)",7.79,3.9,Two-Sample Welch's t-test,0.0,20.78,"(inf, 3240.242724178362)",5646.8,2686.23,Two-Sample Welch's t-test,5.026421297005465,13.478653870923996,8.452232573918531,True,True
"88,001-130,0000_A1",837,356,481,0.03,-2.17,"(-0.721934306276377, -0.036452686757063146)",6.53,6.91,Two-Sample Welch's t-test,0.558,-0.15,"(inf, 337.0793673503059)",7108.15,7135.14,Two-Sample Welch's t-test,9.050274910011472,6.8978206648403315,-2.15245424517114,True,False
"130,000-190,000_E1",540,421,119,0.0,19.04,"(4.87545700911708, 5.997491254548712)",8.7,3.26,Two-Sample Welch's t-test,0.0,18.83,"(inf, 9439.051427443723)",13702.34,5155.34,Two-Sample Welch's t-test,1.5863011594632352,8.861563347162521,7.275262187699286,True,True
"88,001-130,0000_E1",538,421,117,0.0,23.76,"(5.70034733783693, 6.728133236417386)",9.0,2.78,Two-Sample Welch's t-test,0.0,23.15,"(inf, 7206.4203897795105)",9584.25,2941.67,Two-Sample Welch's t-test,1.7592027503212493,10.511754299788864,8.752551549467615,True,True
"130,000-190,000_A1",508,347,161,0.0,5.41,"(0.8134722320765436, 1.742077399329867)",5.93,4.65,Two-Sample Welch's t-test,0.0,5.05,"(inf, 2596.9958794408712)",9220.46,7350.93,Two-Sample Welch's t-test,4.063449554514086,6.554807780953259,2.4913582264391736,True,True
"190,001-300,0000_E1",473,373,100,0.0,22.9,"(5.882251302675836, 6.986834137238971)",9.33,2.89,Two-Sample Welch's t-test,0.0,22.48,"(inf, 16531.135837202914)",21973.55,6771.3,Two-Sample Welch's t-test,0.9548529403366035,7.3635650495705045,6.4087121092339006,True,True
"60,001-88,000_A2",365,365,0,,,,,,,,,,,,,,,,,
"190,001-300,0000_A1",365,230,135,0.182,1.34,"(-0.20022357376244337, 1.0517696188803891)",4.97,4.54,Two-Sample Welch's t-test,0.083,1.39,"(inf, 2506.0431788870737)",11458.7,10422.22,Two-Sample Welch's t-test,3.969866260369054,4.955158215353376,0.9852919549843221,False,False
"88,001-130,0000_A2",350,240,110,0.0,17.45,"(2.078957710452845, 2.6070064721750965)",11.09,8.75,Two-Sample Welch's t-test,0.0,9.86,"(inf, 1550.4612288946373)",11526.56,10234.09,Two-Sample Welch's t-test,6.975717439293598,6.393877409513244,-0.5818400297803548,True,True
"300,001+_E1",317,275,42,0.0,22.88,"(6.582422098915471, 7.822471363781547)",9.77,2.56,Two-Sample Welch's t-test,0.0,15.93,"(inf, 39333.468224563585)",45413.84,10404.64,Two-Sample Welch's t-test,0.28765182488043634,5.507349873588935,5.219698048708499,True,True
"88,001-130,0000_C1",306,133,173,0.0,5.41,"(1.1614709201535756, 2.49561916210897)",9.85,8.02,Two-Sample Welch's t-test,0.0,5.79,"(inf, 2925.036075465212)",10518.59,8337.85,Two-Sample Welch's t-test,15.732986166252777,12.098777817367932,-3.634208348884846,True,True
"60,001-88,000_C1",257,133,124,0.0,5.16,"(0.94931434643799, 2.124564372576263)",10.16,8.62,Two-Sample Welch's t-test,0.0,4.46,"(inf, 1481.8372739917136)",7596.39,6569.07,Two-Sample Welch's t-test,19.000568222108598,13.58690207148078,-5.413666150627819,True,True
"130,000-190,000_A2",239,88,151,0.0,4.54,"(0.8251320805537959, 2.103565990676684)",9.1,7.63,Two-Sample Welch's t-test,0.0,5.14,"(inf, 3997.928485831927)",14437.5,11552.98,Two-Sample Welch's t-test,6.39283211257541,2.986837813296189,-3.4059942992792207,True,True
"130,000-190,000_C1",230,119,111,0.539,0.62,"(-0.5322807921313302, 1.0146760187868125)",8.11,7.87,Two-Sample Welch's t-test,0.259,0.65,"(inf, 1685.212576389963)",12850.59,12433.68,Two-Sample Welch's t-test,11.877687970654394,10.806575360355213,-1.071112610299181,False,False
"300,001+_C1",210,127,83,0.0,-8.52,"(-3.6633281001203097, -2.284944437285113)",4.71,7.68,Two-Sample Welch's t-test,1.0,-4.98,"(inf, -5298.725828208653)",21089.38,29863.43,Two-Sample Welch's t-test,6.332977950490933,6.180349801645539,-0.15262814884539344,True,False
"300,001+_A1",199,148,51,0.053,1.95,"(-0.009330789323860889, 1.5482535028287732)",3.99,3.22,Two-Sample Welch's t-test,0.003,2.82,"(inf, 8358.357980168239)",18152.03,13235.29,Two-Sample Welch's t-test,1.443001443001443,4.1764801902851945,2.733478747283751,False,True
"190,001-300,0000_C1",194,124,70,0.0,-5.23,"(-3.002804253221582, -1.3566580333248335)",5.69,7.87,Two-Sample Welch's t-test,1.0,-5.98,"(inf, -4098.221365756129)",13240.0,19353.7,Two-Sample Welch's t-test,7.783207778295729,9.58008582024058,1.7968780419448507,True,False
"1-60,000_A2",153,153,0,,,,,,,,,,,,,,,,,
"190,001-300,0000_A2",152,85,67,0.001,3.53,"(0.7828903956113333, 2.78632312048816)",8.93,7.14,Two-Sample Welch's t-test,0.001,3.2,"(inf, 6399.064817629996)",20770.59,16813.43,Two-Sample Welch's t-test,3.1847336337132255,2.866065612691533,-0.3186680210216928,True,True
"1-60,000_C1",152,44,108,0.048,2.03,"(0.014163771343842502, 2.556092224161343)",8.61,7.33,Two-Sample Welch's t-test,0.002,2.94,"(inf, 1995.6204165768545)",4129.89,2942.69,Two-Sample Welch's t-test,17.114354720151212,12.182016617661057,-4.932338102490154,True,True
"300,001+_A2",90,54,36,0.754,-0.31,"(-1.7898000688453297, 1.3008988399008323)",7.81,8.06,Two-Sample Welch's t-test,0.429,0.18,"(inf, 9057.953725187952)",33215.28,32468.75,Two-Sample Welch's t-test,1.3024075946616749,1.3210663543761187,0.018658759714443827,False,False
"300,001+_H1",11,0,11,,,,,,,,,,,,,,,,,
"190,001-300,0000_H1",5,0,5,,,,,,,,,,,,,,,,,
"300,001+_H2",3,0,3,,,,,,,,,,,,,,,,,
"130,000-190,000_H1",1,0,1,,,,,,,,,,,,,,,,,
"1-60,000_Good",1139,610,529,0.0,162.39,"(4.923592743902519, 5.044030468391682)",9.21,4.22,Two-Sample Welch's t-test,0.0,104.96,"(inf, 2464.1591285854506)",4471.7,2052.77,Two-Sample Welch's t-test,13.492585938257154,16.356651844720112,2.864065906462959,True,True
"60,001-88,000_Normal",913,191,722,0.0,106.05,"(4.963164730531, 5.150848337013075)",11.59,6.53,Two-Sample Welch's t-test,0.0,59.55,"(inf, 4406.666708069416)",8909.26,4643.79,Two-Sample Welch's t-test,14.115401189884583,12.101157251369237,-2.014243938515345,True,True
"1-60,000_Very Risk",541,189,352,0.0,41.58,"(10.256124542897732, 11.277723669685008)",20.28,9.51,Two-Sample Welch's t-test,0.0,33.82,"(inf, 6017.20781103948)",10121.07,4435.44,Two-Sample Welch's t-test,15.77183472503672,6.63074981486147,-9.141084910175252,True,True
"1-60,000_Risk",535,59,476,0.0,86.26,"(4.830660540170412, 5.059200952855716)",13.26,8.32,Two-Sample Welch's t-test,0.0,11.42,"(inf, 2092.261044116329)",6147.19,4366.84,Two-Sample Welch's t-test,15.148198611033376,15.04135830245371,-0.10684030857966431,True,True
"60,001-88,000_Very Risk",535,373,162,0.0,67.84,"(6.557132454147392, 6.948319085455233)",16.29,9.54,Two-Sample Welch's t-test,0.0,56.92,"(inf, 5258.5675398244475)",11475.44,6392.33,Two-Sample Welch's t-test,11.195128511487699,7.97857453174008,-3.21655397974762,True,True
"1-60,000_Excellent",517,517,0,,,,,,,,,,,,,,,,,
"60,001-88,000_Very Good",498,349,149,0.0,86.31,"(3.816653138461553, 3.9944737581651593)",6.8,2.9,Two-Sample Welch's t-test,0.0,77.8,"(inf, 2771.7670946147023)",4725.97,2022.48,Two-Sample Welch's t-test,12.249536907751049,13.267918455945471,1.018381548194422,True,True
"88,001-130,0000_Normal",467,225,242,0.0,95.33,"(4.906380396112344, 5.112906724091366)",11.59,6.58,Two-Sample Welch's t-test,0.0,45.98,"(inf, 5502.756183119002)",12194.6,6917.37,Two-Sample Welch's t-test,9.292058534757121,9.304111442650566,0.012052907893445042,True,True
"1-60,000_Very Good",451,383,68,0.0,130.86,"(4.5008464903539815, 4.638295486712367)",7.75,3.18,Two-Sample Welch's t-test,0.0,57.42,"(inf, 2477.9327979597924)",4199.21,1803.31,Two-Sample Welch's t-test,20.398844190259457,16.09214413136929,-4.306700058890164,True,True
"60,001-88,000_Good",406,137,269,0.0,67.24,"(4.7287631469467915, 5.013720087793168)",9.52,4.65,Two-Sample Welch's t-test,0.0,30.85,"(inf, 3538.58622881781)",6957.55,3631.23,Two-Sample Welch's t-test,13.941714271359881,13.414927636706627,-0.5267866346532535,True,True
"130,000-190,000_Excellent",383,383,0,,,,,,,,,,,,,,,,,
"60,001-88,000_Risk",377,170,207,0.0,114.73,"(4.891021645668192, 5.061620791457508)",13.34,8.36,Two-Sample Welch's t-test,0.0,44.73,"(inf, 3831.7959132055857)",9839.32,6169.21,Two-Sample Welch's t-test,11.106537359270883,12.791091319208686,1.6845539599378025,True,True
"190,001-300,0000_Excellent",375,375,0,,,,,,,,,,,,,,,,,
"88,001-130,0000_Good",371,217,154,0.0,79.21,"(4.661812696614594, 4.899200579855326)",9.5,4.72,Two-Sample Welch's t-test,0.0,54.16,"(inf, 5397.609027774627)",10050.29,4841.82,Two-Sample Welch's t-test,9.728294642569413,7.2220564640977285,-2.5062381784716843,True,True
"130,000-190,000_Very Good",367,189,178,0.0,60.44,"(4.204703418367559, 4.4878548191509)",6.97,2.63,Two-Sample Welch's t-test,0.0,45.7,"(inf, 6917.932009453731)",10848.23,4216.26,Two-Sample Welch's t-test,6.386915543621492,7.46237078940115,1.0754552457796578,True,True
"88,001-130,0000_Risk",353,143,210,0.0,111.91,"(4.879109040101659, 5.0537193463646535)",13.31,8.35,Two-Sample Welch's t-test,0.0,32.06,"(inf, 4829.770959645665)",13676.33,9126.45,Two-Sample Welch's t-test,6.1329676973708755,8.979495529501735,2.8465278321308594,True,True
"88,001-130,0000_Excellent",334,334,0,,,,,,,,,,,,,,,,,
"60,001-88,000_Excellent",306,306,0,,,,,,,,,,,,,,,,,
"300,001+_Excellent",292,292,0,,,,,,,,,,,,,,,,,
"88,001-130,0000_Very Good",253,160,93,0.0,76.28,"(5.16249786618961, 5.43630323094125)",7.3,2.0,Two-Sample Welch's t-test,0.0,64.06,"(inf, 6399.844340440284)",8320.06,2111.45,Two-Sample Welch's t-test,9.247298662340445,7.756389262064841,-1.490909400275603,True,True
"88,001-130,0000_Very Risk",253,71,182,0.0,56.43,"(4.9478523240380605, 5.309684232709574)",14.69,9.57,Two-Sample Welch's t-test,0.0,23.96,"(inf, 6038.992953539818)",15531.79,9955.0,Two-Sample Welch's t-test,7.607830151573358,7.611132177281417,0.0033020257080587645,True,True
"130,000-190,000_Normal",238,97,141,0.0,63.48,"(4.797630198483192, 5.105269401932889)",11.63,6.68,Two-Sample Welch's t-test,0.0,33.1,"(inf, 8577.48188962589)",18451.53,10357.14,Two-Sample Welch's t-test,4.616257404832091,6.30787200609233,1.691614601260239,True,True
"130,000-190,000_Risk",221,109,112,0.0,92.21,"(4.908393245298588, 5.12279549993429)",13.32,8.31,Two-Sample Welch's t-test,0.0,31.05,"(inf, 8608.116354437618)",20969.03,12875.37,Two-Sample Welch's t-test,4.587664223449672,6.431352978017755,1.8436887545680833,True,True
"190,001-300,0000_Very Good",219,74,145,0.0,44.1,"(4.5295329343127335, 4.956623894096268)",7.0,2.25,Two-Sample Welch's t-test,0.0,30.64,"(inf, 11338.413564204164)",16011.96,5364.0,Two-Sample Welch's t-test,5.553878685689154,5.301044201264706,-0.25283448442444817,True,True
"1-60,000_Normal",198,99,99,0.0,51.11,"(4.579258296576994, 4.946868123637814)",11.53,6.76,Two-Sample Welch's t-test,0.0,12.87,"(inf, 2474.866805163262)",5206.51,3060.59,Two-Sample Welch's t-test,8.330043448473806,13.112597169050296,4.782553720576492,True,True
"130,000-190,000_Good",176,126,50,0.0,38.82,"(4.417285975854059, 4.894234861495933)",9.42,4.76,Two-Sample Welch's t-test,0.0,22.12,"(inf, 7127.9268828160475)",14526.4,7985.94,Two-Sample Welch's t-test,3.691988057581762,7.004053706395908,3.3120656488141456,True,True
"190,001-300,0000_Good",166,100,66,0.0,50.54,"(4.699660095991326, 5.082130330943561)",9.38,4.49,Two-Sample Welch's t-test,0.0,28.4,"(inf, 12242.279246396754)",21768.5,10322.35,Two-Sample Welch's t-test,3.541252452795862,7.008205155149239,3.4669527023533764,True,True
"190,001-300,0000_Risk",160,98,62,0.0,74.27,"(4.754440525265235, 5.01451282084555)",13.32,8.44,Two-Sample Welch's t-test,0.0,24.5,"(inf, 12655.855923717256)",31695.22,19983.98,Two-Sample Welch's t-test,2.3524037329303598,5.048137208454227,2.695733475523867,True,True
"190,001-300,0000_Normal",153,92,61,0.0,55.3,"(4.95369879031808, 5.32110854413708)",11.58,6.45,Two-Sample Welch's t-test,0.0,23.94,"(inf, 13301.360543487071)",27417.96,15131.1,Two-Sample Welch's t-test,3.3453586622146307,5.740854860393522,2.3954961981788916,True,True
"300,001+_Very Good",143,62,81,0.0,40.69,"(4.843695816945815, 5.339532389564908)",7.21,2.11,Two-Sample Welch's t-test,0.0,8.59,"(inf, 31520.802836538078)",34592.32,9020.93,Two-Sample Welch's t-test,1.7234383942152078,4.446606180893802,2.7231677866785944,True,True
"130,000-190,000_Very Risk",133,71,62,0.0,68.44,"(4.965492198155468, 5.261278913881254)",14.61,9.5,Two-Sample Welch's t-test,0.0,22.99,"(inf, 9707.246807797615)",23047.72,14110.24,Two-Sample Welch's t-test,4.120283346220085,5.601173530447893,1.4808901842278073,True,True
"190,001-300,0000_Very Risk",116,73,43,0.0,47.57,"(4.998496756731811, 5.433842018309402)",14.71,9.49,Two-Sample Welch's t-test,0.0,15.85,"(inf, 12701.49604685702)",34107.37,22819.3,Two-Sample Welch's t-test,2.1221320598392666,5.097162851253453,2.975030791414186,True,True
"300,001+_Normal",104,63,41,0.0,40.82,"(4.759646241761787, 5.2465427455026346)",11.55,6.55,Two-Sample Welch's t-test,0.0,8.81,"(inf, 25841.169262285286)",47183.62,26093.44,Two-Sample Welch's t-test,2.012265207966511,4.083096453910821,2.0708312459443103,True,True
"300,001+_Risk",104,60,44,0.0,56.57,"(4.752290749869388, 5.0979139010565255)",13.4,8.47,Two-Sample Welch's t-test,0.0,6.55,"(inf, 34690.57744895008)",58347.2,31763.25,Two-Sample Welch's t-test,1.7710146284723844,3.188095544404912,1.4170809159325275,True,True
"300,001+_Very Risk",96,63,33,0.0,57.63,"(4.948715375414715, 5.30203841376258)",14.63,9.5,Two-Sample Welch's t-test,0.0,4.61,"(inf, 37532.54099968082)",67270.0,41044.18,Two-Sample Welch's t-test,1.0961258982320143,3.960624161868066,2.864498263636052,True,True
"300,001+_Good",91,64,27,0.0,28.31,"(4.690016693139999, 5.410887598322921)",9.45,4.4,Two-Sample Welch's t-test,0.0,7.56,"(inf, 31407.777021485526)",43622.91,18754.37,Two-Sample Welch's t-test,1.2904453329473984,6.026613481408635,4.736168148461236,True,True
E1_Excellent,1218,1218,0,,,,,,,,,,,,,,,,,
A1_Good,1028,664,364,0.0,117.79,"(4.192860006617013, 4.335014491697669)",9.2,4.93,Two-Sample Welch's t-test,0.0,3.89,"(inf, 1850.2203416655177)",7172.44,5942.31,Two-Sample Welch's t-test,5.227668213457077,10.468528471100267,5.240860257643191,True,True
A1_Normal,1025,83,942,0.0,77.71,"(4.897153757392756, 5.153815243314453)",11.55,6.53,Two-Sample Welch's t-test,0.0,8.74,"(inf, 9766.07360995429)",13481.93,5527.07,Two-Sample Welch's t-test,9.193971340025959,7.818067491092013,-1.3759038489339446,True,True
E1_Good,1025,365,660,0.0,145.34,"(5.356010832669566, 5.502712810479779)",9.54,4.11,Two-Sample Welch's t-test,0.0,13.81,"(inf, 12326.518470194529)",13251.62,2461.5,Two-Sample Welch's t-test,6.050746357043534,7.678059445575608,1.6273130885320743,True,True
A1_Very Good,923,760,163,0.0,87.79,"(4.7961066834793105, 5.016146746199857)",7.31,2.41,Two-Sample Welch's t-test,0.0,5.63,"(inf, 1847.4688116425928)",6688.82,5319.02,Two-Sample Welch's t-test,3.306636155606407,7.679235022206108,4.372598866599701,True,True
E1_Very Good,829,304,525,0.0,82.89,"(4.320656463551614, 4.530515087494234)",6.99,2.56,Two-Sample Welch's t-test,0.0,7.37,"(inf, 7661.326319532327)",9504.08,3457.91,Two-Sample Welch's t-test,8.339385503731215,8.258253494460227,-0.08113200927098718,True,True
A1_Risk,736,69,667,0.0,96.52,"(4.89566088673201, 5.101693814151012)",13.33,8.33,Two-Sample Welch's t-test,0.0,8.77,"(inf, 10565.145110098909)",14565.22,5957.27,Two-Sample Welch's t-test,7.283475391806434,4.389125450376679,-2.8943499414297547,True,True
A1_Excellent,666,666,0,,,,,,,,,,,,,,,,,
A1_Very Risk,578,66,512,0.0,21.28,"(5.368040183166111, 6.479987058697064)",15.45,9.52,Two-Sample Welch's t-test,0.0,5.54,"(inf, 9339.290316439166)",12977.27,6111.33,Two-Sample Welch's t-test,14.091738161183546,5.192797380865769,-8.898940780317776,True,True
A2_Very Risk,566,469,97,0.0,58.6,"(8.330267768867829, 8.908201625158055)",18.11,9.49,Two-Sample Welch's t-test,1.0,-4.7,"(inf, -3553.6829597632122)",12650.85,18800.26,Two-Sample Welch's t-test,2.4975476475391734,4.152919406275838,1.655371758736664,True,False
E1_Normal,508,434,74,0.0,64.27,"(4.887473418381166, 5.198945031611403)",11.57,6.53,Two-Sample Welch's t-test,0.0,19.32,"(inf, 15424.641875521294)",17531.47,3530.47,Two-Sample Welch's t-test,0.4877652610427708,7.03181815787336,6.544052896830589,True,True
E1_Risk,424,368,56,0.0,83.48,"(4.827062737401254, 5.063112587663581)",13.31,8.36,Two-Sample Welch's t-test,0.0,12.03,"(inf, 18375.04935516476)",22362.35,6569.73,Two-Sample Welch's t-test,0.3988906458704239,6.626465059544493,6.22757441367407,True,True
C1_Risk,330,80,250,0.0,95.54,"(4.86669935197463, 5.0723620871219)",13.31,8.34,Two-Sample Welch's t-test,0.002,2.98,"(inf, 6284.57741530404)",16244.71,12468.68,Two-Sample Welch's t-test,15.689273197673446,13.136711146549096,-2.552562051124349,True,True
E1_Very Risk,306,262,44,0.0,93.01,"(5.0223377160650875, 5.240829139467064)",14.64,9.51,Two-Sample Welch's t-test,0.0,11.84,"(inf, 27137.939025035514)",30628.74,7357.5,Two-Sample Welch's t-test,0.27409689125711945,7.004462450955656,6.730365559698537,True,True
C1_Normal,280,90,190,0.0,64.43,"(4.731272003699811, 5.030450997856692)",11.59,6.71,Two-Sample Welch's t-test,0.003,2.78,"(inf, 4514.948933482944)",13718.68,11076.43,Two-Sample Welch's t-test,13.78180948519111,11.35770182147335,-2.42410766371776,True,True
A2_Risk,260,122,138,0.0,99.31,"(4.894268203911395, 5.092289158115861)",13.4,8.41,Two-Sample Welch's t-test,0.0,4.25,"(inf, 8127.948698835098)",19260.25,13711.96,Two-Sample Welch's t-test,3.628440762792303,2.695679856826962,-0.9327609059653411,True,True
A2_Normal,258,160,98,0.0,64.07,"(4.744529067401227, 5.045887432759897)",11.62,6.72,Two-Sample Welch's t-test,0.0,3.93,"(inf, 4474.971261140081)",14271.09,11292.09,Two-Sample Welch's t-test,3.5505023160680986,3.856384663128428,0.30588234706032946,True,True
C1_Excellent,257,257,0,,,,,,,,,,,,,,,,,
C1_Very Risk,223,43,180,0.0,31.58,"(4.900180580076651, 5.56747056616556)",14.78,9.55,Two-Sample Welch's t-test,0.0,3.74,"(inf, 10913.394334624121)",19668.28,12558.12,Two-Sample Welch's t-test,11.293070656124488,10.412642973833577,-0.8804276822909102,True,True
C1_Good,162,120,42,0.0,60.38,"(4.1137608446765626, 4.39210325348111)",9.4,5.15,Two-Sample Welch's t-test,0.0,4.7,"(inf, 9220.248052319868)",13453.42,6978.07,Two-Sample Welch's t-test,2.488913943052524,11.1744723742055,8.685558431152977,True,True
A2_Good,132,105,27,0.0,33.35,"(4.324551472618833, 4.881754894678807)",9.49,4.89,Two-Sample Welch's t-test,0.02,2.08,"(inf, 5461.274385023233)",13782.14,10986.11,Two-Sample Welch's t-test,3.2043751265950986,4.186919538234529,0.98254441163943,True,True
C1_Very Good,97,90,7,0.0,19.8,"(4.548346098689936, 5.746327440502914)",7.28,2.13,Two-Sample Welch's t-test,0.0,10.29,"(inf, 14142.487653623162)",13728.39,1879.14,Two-Sample Welch's t-test,0.08072340047662031,9.660745061667292,9.58002166119067,True,True
A2_Very Good,67,63,4,0.0,31.08,"(3.8748378602091327, 4.422745120125701)",7.22,3.07,Two-Sample Welch's t-test,0.26,0.65,"(inf, 1853.1605487660745)",12071.43,11625.0,Two-Sample Welch's t-test,1.5794166348235894,3.212266168247985,1.6328495334243953,True,False
A2_Excellent,66,66,0,,,,,,,,,,,,,,,,,
H1_Very Good,15,0,15,,,,,,,,,,,,,,,,,
H1_Good,2,0,2,,,,,,,,,,,,,,,,,
H2_Normal,2,0,2,,,,,,,,,,,,,,,,,
H2_Very Risk,1,0,1,,,,,,,,,,,,,,,,,
